X20241116.OAPS.3_BC15	X20241116.OAPS.4_BC35	X20241123.OAPS.5_BC14	X20241123.OAPS.5_BC16	X20241123.OAPS.5_BC30	X20241123.OAPS.5_BC33	X20241215.OAPS.3_BC11	X20241215.OAPS.3_BC24	X20241215.OAPS.4_BC16	X20241215.OAPS.4_BC25	X20241215.OAPS.5_BC18	X20241215.OAPS.5_BC20	X20241215.OAPS.6_BC21	X20241215.OAPS.6_BC23	L1.1.BC1	L1.1.BC10	L1.1.BC9	L2.2.BC2	L2.2.BC6	L3.3.BC3	L3.3.BC4	L3.3.BC5	L4.4.BC1	L4.4.BC7	L4.4.BC8
ENSG00000004939.16|5125|SLC4A1|protein_coding	538.507959372805	340.373808501264	0	0	0	0	350.252247970525	391.34056386832	153.997696020744	221.381054181447	566.994976129277	226.836067231341	318.81345533898	431.405484186339	424.845692077807	731.671623659887	635.339682744862	521.080776691211	633.333799155178	689.514534742482	651.010586632301	1068.59783674351	280.997378090961	565.17265244012	836.40176217601
ENSG00000008988.11|6765|RPS20|protein_coding	667.281601831519	775.295897141769	718.306738645603	700.16408048488	727.150487540506	727.150487540506	697.84446777025	674.969955882134	693.271598767594	735.603249763405	771.716686463486	749.373680968115	742.465551971209	759.052593322427	683.752205911828	716.433063400558	710.921958992752	715.097884712237	724.484545788381	742.784380106569	802.099380567248	725.607741338594	707.039958220733	678.285245338433	715.449123574787
ENSG00000019582.16|6122|CD74|protein_coding	362.907537838194	340.373808501264	477.817572882935	505.9934057205	202.902047387394	222.014542057428	475.111633083022	467.987486601633	216.291312908157	205.592827429449	212.388384816097	212.137833367565	209.058126482106	208.071517951369	553.507589917592	231.398625041485	460.351852444421	210.489357371021	445.173185962166	462.844721939615	172.411445364186	160.971773468057	598.146054328416	546.571232749116	180.159416524114
ENSG00000026025.16|5176|VIM|protein_coding	351.20084306922	422.315651288606	176.395492720521	176.395492720521	582.494330591817	610.96947559866	240.114123410729	224.217070761584	548.042696528293	570.97732122795	602.296401040533	587.009858363434	593.020213426708	583.934152564148	149.890325804054	550.626097258091	132.830021945518	639.761171757773	163.155813377635	167.63318095227	546.553081812566	592.813508245891	178.001962437603	175.47788057878	743.767687902749
ENSG00000034510.6|461|TMSB10|protein_coding	316.080758762298	630.321867594934	418.118487223642	446.299586466912	505.514348812089	519.708032975605	391.725204236758	387.602547835522	580.697815209814	586.240442361464	493.346064287875	457.441432749204	503.455433798155	572.764822089649	434.831454069767	525.597893424586	432.378103778572	499.712578988132	426.482414943142	413.538967189738	523.653672796202	514.191762635329	435.686394458673	434.156812277338	515.208826140886
ENSG00000055609.21|53322|KMT2C|protein_coding	163.893726765636	107.154717491139	64.8776581501961	115.347577129689	192.473175095843	189.37023155758	95.0690733148892	115.863332886133	183.603334153096	177.644529345564	185.044002584631	163.763491766869	159.997766689423	157.721790693762	95.6299272469207	169.177986720709	109.283175097049	161.627404925665	102.273864785555	93.5695348951189	175.665932945932	174.543816227653	94.9276284405887	97.8587802321618	175.649449711366
ENSG00000058272.19|11864|PPP1R12A|protein_coding	199.013811072558	560.986462159491	340.509459860111	340.509459860111	416.035140982115	420.978087065683	352.41174413571	351.327994829115	421.712686098533	402.727504034287	427.197623812304	425.144911797273	371.607922886501	425.471700578967	343.430191429108	410.186528677453	350.724977231528	418.760855657484	343.096440599749	350.970011828267	409.493506383875	413.730238250318	351.848315322509	338.389337719251	408.584217192147
ENSG00000060138.13|8621|YBX3|protein_coding	479.974485527935	321.464152473416	374.418445557421	388.54934520528	417.777422205833	417.777422205833	337.935331360221	350.164083350752	401.369374195264	471.099365548877	419.94115890834	379.561015436154	416.524862201969	519.259427802132	381.469344409346	425.549617177818	379.104897667304	446.211699189005	393.967888773666	368.16746558445	392.009719815597	410.758828741748	372.903992430286	374.648178139885	438.18000919716
ENSG00000060237.19|17280|WNK1|protein_coding	398.027622145116	340.373808501264	335.801851928071	363.499933701986	379.036463517822	397.824885614376	335.009793749911	370.345122895223	353.940150599735	351.900697832113	380.10349595868	391.346922923092	404.642348714295	434.36724213291	345.471606745698	390.585574944906	354.206795131204	393.286205586611	344.947531203347	359.147304827346	377.824530164958	387.754786894585	337.789357701928	362.649158224716	388.2151719781
ENSG00000063177.13|3857|RPL18|protein_coding	152.187031996662	800.508771845566	0	0	0	0	311.335331529355	285.979642826849	650.212494309808	749.289721844899	277.197543885424	567.090168078352	590.303038401081	724.43562438838	1106.8348293606	884.438226402061	1093.88919289985	1162.41096338809	885.658021926165	1100.00373246855	354.439097166475	782.933068505149	1613.60615600719	467.551921564099	418.200881088005
ENSG00000065978.19|3395|YBX1|protein_coding	140.480337227688	397.102776584808	197.390562707152	197.390562707152	331.676127192053	345.894912803719	198.436785288289	222.688802359694	299.711795040153	370.527630070367	310.299026044673	319.521134801376	316.886485330713	396.264369170828	213.318485087578	300.368805213658	184.8513090512	377.887046338671	200.053471746295	198.897273802618	330.785382829869	289.991171074745	219.0375186651	169.797418736575	413.879262270233
ENSG00000070756.17|9546|PABPC1|protein_coding	362.907537838194	1052.63751888354	611.997579704652	611.997579704652	803.179661409225	798.811631938535	622.760184944488	646.047625134967	744.470912499951	859.212966292703	765.794657530763	824.288533581384	757.798057886896	798.689684761611	630.575752070921	767.331141431575	587.793393922866	842.830183506745	604.05040508361	565.66385433649	789.834384525138	782.541619214122	691.57295218368	627.528090402191	806.094027217968
ENSG00000071082.11|5277|RPL31|protein_coding	456.561095989986	794.205553169617	601.337565830372	629.569682529159	619.200994951689	647.63975415203	584.73087761964	548.955073351528	622.887143684797	633.526808744087	638.791923660563	669.664653934101	669.555015683155	676.047010079346	612.08985271517	624.231208875322	625.373778435898	623.338455739176	616.435244987942	622.614612708042	635.232329823191	626.976000928482	623.198662736121	632.100739065705	622.42171251786
ENSG00000075624.17|4405|ACTB|protein_coding	1205.78956120432	4796.74941239745	2363.39392303134	3269.17294802778	3161.90401942121	3341.45528437306	2727.12401696243	2861.79987004964	3225.19911788943	3338.36671914848	3122.49905859763	3192.3535941061	3185.15111165082	3342.4221236562	2794.94133224827	3333.47474145627	2780.56368091644	3138.02166965665	2629.51389754644	2710.0239455103	3183.56611299253	3372.64426412162	2744.16916638093	2758.57786159475	3286.8587822427
ENSG00000075785.14|7194|RAB7A|protein_coding	5689.45365772137	2477.16493964809	4893.14560983259	5095.43741274968	4470.78409772861	2578.501489157	5369.99375911592	5508.03622368583	3067.92536073466	2959.96327488534	3314.92055865146	3563.16616139903	2851.31536633873	2855.64608421769	4818.56708507318	3351.90025586509	4819.45073538388	3354.42007864158	4805.24463360042	4820.89325827798	3333.67629524645	3345.08527686568	4821.79977694052	4846.16835304131	3335.2774259658
ENSG00000076770.15|12846|MBNL3|protein_coding	597.041433217675	195.39977895443	383.435356754056	383.435356754056	437.775819562789	382.168866609807	367.405246224774	426.848336654322	392.896400329314	469.982068209794	340.835941869979	386.746316176488	393.13642527861	385.540163825198	396.354242402272	414.629159551048	409.607902262786	380.223381422202	385.787219874888	402.62979686819	387.344622494157	387.073524030462	402.292103174376	398.024588964737	388.968311700143
ENSG00000082074.19|8823|FYB1|protein_coding	23.413389537948	239.522309686075	60.0306217566525	60.0306217566525	230.610542895268	178.738255651477	75.3179725898357	79.9670473784753	180.268101285017	187.924856420092	228.738528826762	189.002232376065	183.216118759228	178.167716726874	76.3084572671664	185.19325984413	71.6285418508469	197.908648070171	69.896764906335	64.5738511938548	184.112937800867	188.873327111898	78.7896663071107	69.1355961470235	196.413254853189
ENSG00000082898.19|23843|XPO1|protein_coding	714.108380907415	195.39977895443	481.256408181362	476.95781046651	432.283355336056	432.859139639667	518.055036684593	484.32361057313	406.739785340267	399.667800955902	435.421697677604	434.651313203089	399.322450755826	427.819262434696	480.207572516873	425.444350514399	480.798078707592	423.65805768532	480.030513492252	491.26560504702	427.359578457158	420.68650844058	481.208749424804	488.824784262225	425.057418340463
ENSG00000083845.9|3617|RPS5|protein_coding	152.187031996662	472.741400696201	239.474440652309	267.591521629438	364.174633643516	378.336074385921	269.21443551543	273.253538250541	320.181296475598	347.094398050338	399.791318540277	363.892759763482	403.678719315026	385.734339036253	246.140333767946	388.979304618479	224.74345379258	433.142168954993	224.231071939782	249.185021276765	362.923512208275	360.718794928021	267.274836540611	240.170472971129	372.914022017877
ENSG00000085224.23|22740|ATRX|protein_coding	234.13389537948	69.3354054354428	72.1197760706869	114.261059449047	196.637294220571	234.751520626377	123.371965449919	102.44707127532	189.30736221345	213.522513541296	179.362613744674	241.657341575617	186.784729803197	201.2495245517	84.3741009098283	197.521953509408	107.288120792803	204.109234881648	97.6062743984508	107.567994019085	235.660471071803	208.335435798462	83.0692705294782	82.8199105256953	203.155180403056
ENSG00000087086.15|871|FTL|protein_coding	2294.51217471891	4116.00179539492	3103.89963832191	3103.89963832191	3282.88332886164	3287.82736104982	3187.32562548896	2990.55474689663	3270.38533939131	3253.89704265252	3421.12018741967	3198.31670008668	3242.03232807123	3417.67446663956	3232.83678913788	3421.14086478529	3238.91704149488	3421.05582563541	3073.02898770947	2871.70800250935	3108.44136902297	3106.36093158983	3401.80195802815	2940.72119288409	3356.48038969535
ENSG00000087460.29|22221|GNAS|protein_coding	1685.76404673226	762.68945978987	2532.97811955961	2293.5401947078	636.23598180895	-182.348050890833	1956.52165781233	2062.19832865123	327.948770534251	373.653691907438	318.039014375365	412.655021012642	304.128273869104	307.722515120519	2113.56908068242	352.160040840371	2074.93315519095	336.920440882329	2092.88631206079	2113.18451735621	381.831178507122	341.112485461819	2097.37908784859	2112.06661602706	363.18294604
ENSG00000089009.16|4442|RPL6|protein_coding	269.253979686402	371.889901881011	308.721870630023	308.721870630023	334.718266588342	325.43200440885	313.586790047844	310.651943926997	320.070774867466	316.510647646804	315.34159622925	336.659255940695	339.148501113621	344.953971392282	334.084902579038	313.424032684604	286.463670725063	386.82855315641	289.32812698817	307.418822973604	329.749325399393	295.458204260567	351.879323652202	311.00187328687	321.270511066014
ENSG00000089157.16|3988|RPLP0|protein_coding	280.960674455376	882.450614632908	587.418653029753	601.559368220834	553.327104321769	586.755445822146	562.385635385043	609.258267816762	523.466462078305	533.747685393163	572.26577642182	560.109412326186	612.374341689081	580.629460378349	580.787170640626	542.970017205848	594.412025692548	505.065911807654	706.518437486848	597.845635752492	543.652871301329	538.581234256566	609.863205561699	592.114871562438	607.974689399206
ENSG00000092841.19|4424|MYL6|protein_coding	58.5334738448701	453.831744668353	257.915486078745	272.061006237132	258.180513917248	239.565572279548	266.599274123779	276.218752036138	241.926313413966	238.100695749281	221.683177667301	254.387267965313	244.220683023171	266.329047594468	266.92976544628	243.885829255534	263.756727995371	241.038917810789	268.101199379434	278.520515589912	240.230358964877	243.891154949541	253.35540283153	275.045427886165	247.312680209276
ENSG00000096384.20|2980|HSP90AB1|protein_coding	152.187031996662	189.09656027848	196.169844841877	191.950722067361	162.364744031658	134.95464235046	204.987953315239	174.26481371273	159.784414688625	139.215758783821	152.033625863331	161.853497151451	137.550211123449	142.680746921516	167.046612025848	114.550267768318	201.187002288622	145.879271963256	195.050520737412	238.633853814038	192.439486659569	145.563817148293	183.139501067774	183.770404449553	138.404816992152
ENSG00000100225.18|8521|FBXO7|protein_coding	316.080758762298	170.186904250632	266.106249689821	280.190693899707	211.801689805988	211.801689805988	251.115811992086	269.941683593104	248.595524545278	227.374566996565	191.096705552651	209.083700475311	223.388525118519	209.737440379064	265.42280910171	224.777362207576	259.219241606587	198.689390281833	275.858911425389	277.47193120479	207.3583329669	230.105433890398	276.594408028314	277.902978736248	209.368537603644
ENSG00000100316.16|4710|RPL3|protein_coding	714.108380907415	1140.88258034683	0	0	0	0	1128.59057679391	667.285833262648	1266.20327839278	930.93571501942	724.493580609632	748.559021863425	894.172113021046	1037.81507988223	2825.38356874301	1701.87355686457	1812.09926904622	2234.63486927192	1405.4459208344	2323.42251784821	2882.53020858858	809.383510008701	3870.10025279824	2389.13893986051	2841.66623802059
ENSG00000100345.22|8909|MYH9|protein_coding	339.494148300246	605.108992891137	389.568589532402	371.427064877114	552.764397525492	571.640831677555	393.53725900753	403.899683393946	598.694298564392	580.172584607825	527.152825349448	540.057561258633	543.495326688991	552.76432978199	371.753297135809	556.765745547938	364.932003621042	519.307935498848	390.484096484921	386.83870003359	624.279139857186	561.672752122375	365.924246846153	398.711655305832	568.88894631851
ENSG00000100422.14|4930|CERK|protein_coding	784.348549521259	516.863931427846	653.170129531524	667.310914449293	641.544164242389	632.239809117651	657.106477373082	643.370236019072	654.118857402849	673.491692036514	614.780028085757	658.752225133855	630.982846450579	619.341354771296	657.968512719645	639.398244181633	666.846449712014	647.350793211819	663.70584336345	659.412064215933	638.050172357501	633.508291486298	654.625551635803	661.133044010418	638.012941937923
ENSG00000100614.18|11907|PPM1A|protein_coding	292.66736922435	214.309434982278	134.93065165994	162.976545979	351.251371302019	375.745204635784	161.183489547897	201.493149471224	324.595947328201	338.348780065009	312.452394389564	365.697031583311	334.341938562236	347.988326654793	165.016489658346	333.124383873057	167.277955225564	331.895464540022	164.528704718414	164.522680374304	349.862594047528	348.009064888857	166.51756759128	164.78466013879	338.086079114457
ENSG00000100836.11|3686|PABPN1|protein_coding	140.480337227688	283.64484041772	124.297658992678	138.862072344463	299.241131516671	304.526636934869	150.47648813018	138.012902680951	281.471514138102	287.858948053249	288.049629688583	286.628594054073	283.835328590186	296.565826224527	132.363223617195	283.874384345636	130.372954143095	282.190524310495	133.505672655063	134.128794479346	305.241179117829	296.796200099428	128.979948239761	139.8297490819	285.062229231302
ENSG00000104529.18|9390|EEF1D|protein_coding	140.480337227688	226.915872334176	163.828557656359	177.652451055398	205.683830207146	187.492136586298	162.645015750346	171.733682153616	190.491236599449	178.595804956929	199.128434022266	187.492055072765	200.372236851868	228.370661940439	166.857867358426	181.205462924938	192.39008816178	173.014458291384	166.597865857404	173.477417568057	234.669680090633	195.597581319205	164.411673450703	169.026172270756	193.244621077631
ENSG00000104765.16|4149|BNIP3L|protein_coding	1756.0042153461	321.464152473416	1287.16252362148	1287.16252362148	790.523678425261	781.216409926892	1186.95186106333	1458.23190057687	740.117227777043	789.424516547957	742.435776616441	747.599014244551	802.161495360942	759.778665568907	1268.08761391574	785.434148879052	1341.19617994225	751.81533607293	1297.51544174289	1382.25862808444	783.932231396092	761.811106503427	1276.63921918256	1275.47337042403	761.03294493359
ENSG00000104904.12|3436|OAZ1|protein_coding	760.935159983311	630.321867594934	662.053496107395	662.053496107395	710.26845952577	738.625250821385	644.219803149587	715.773438276797	675.714238347562	706.872887105822	698.499704996959	725.173007386212	696.993212651982	798.387161052526	654.546414970679	714.10507258012	672.390006713445	728.267909013663	668.310747817323	677.341107096541	736.357274138248	716.262419347572	657.894755630904	687.319582164972	710.931680865928
ENSG00000105193.9|2674|RPS16|protein_coding	210.720505841532	813.115209197465	490.49994587754	518.787904255826	518.887767940085	518.887767940085	521.655698825684	470.097396683562	582.154928988898	572.92871908379	533.701422025014	472.028427894992	503.809790745484	501.046554648973	486.24532290768	538.933151246565	502.222412517433	554.555932400185	488.253067752949	489.994703732937	503.249369194747	523.874616885512	495.721205558718	516.269497052085	509.242946453544
ENSG00000105372.8|3461|RPS19|protein_coding	597.041433217675	1537.98535693164	925.735822103661	925.735822103661	1196.06010020229	1210.31441296032	754.62170334651	852.474277805	1233.49514208325	1216.85658548649	1228.72843619879	1323.28979890698	1222.13875725094	1288.74695672758	938.016806137261	1181.37944772433	921.137998544729	1179.13557676129	933.910677073985	932.933094547321	1193.44010166366	1199.68942817222	967.976756226183	927.038510454174	1210.46173395563
ENSG00000105373.19|5317|NOP53|protein_coding	222.427200610506	308.857715121518	0	0	0	0	214.043040426432	321.099949840673	376.438812495152	408.703484642672	170.098492838783	143.662842579849	231.637901144728	97.6767134006805	365.750614608338	490.461198277507	491.697667515589	100.207841671387	1163.21466697425	482.928467913022	907.79809580393	386.176445951864	544.964612055197	149.000062916032	377.955608012591
ENSG00000105640.13|3493|RPL18A|protein_coding	433.147706452038	1437.13385811645	822.190992016478	836.340120219833	1037.0669824009	1037.0669824009	807.72602723795	808.827445054071	990.270675029476	1205.85163163429	1012.23850449238	938.12561885894	1045.06185136784	1128.46593337278	822.555038780721	1077.92762663189	796.014639263467	1039.18539141357	798.60038690167	796.905959401643	993.216032019645	1023.10898122901	850.493732379135	866.877528384851	1099.37605260638
ENSG00000105701.16|2819|FKBP8|protein_coding	433.147706452038	264.735184389872	301.195378349116	301.195378349116	393.322123350806	398.265041304216	281.875677567548	303.36973662366	361.636290971639	385.630113802803	409.860445918159	382.491486388459	392.842573192922	447.880964743313	291.266207223468	388.372982823637	322.655424342617	392.668354986351	335.780942384363	307.722283667867	393.937141407389	385.333219593973	282.345778620764	294.96130289511	397.155076622394
ENSG00000108107.15|6346|RPL28|protein_coding	878.002107673051	2010.72675762784	1002.72000785276	1016.74309467966	1863.36497105336	1873.16260196947	1074.26509872359	999.534630204846	1849.72752209807	1975.97046892015	1911.40840170574	1763.58402257011	1851.52901231088	1917.53838955033	1016.447910445	2086.56376437552	964.756739376091	1806.12785880981	921.33367915669	980.622363666677	1825.71892346651	1878.82466523155	1061.51543442394	997.601072906086	1916.46786259526
ENSG00000108298.12|3591|RPL19|protein_coding	374.614232607168	869.844177281009	0	0	0	0	778.338328823389	737.526447290295	1077.98387214521	1123.93458276735	938.691682702914	1020.76230254103	1110.86563344676	1025.60549070715	4751.56366139653	5478.15677201762	4110.37151271459	5741.90932777046	4004.38541537557	4024.40389927518	6452.23825862236	3454.42766036393	4972.80208500368	7038.9684894815	5345.622141104
ENSG00000108518.8|1599|PFN1|protein_coding	128.773642458714	592.502555539238	383.949996626606	412.240919874078	329.229301723717	319.921869419502	372.730883011842	397.357623205622	304.733960041898	367.748186794785	315.282006088305	337.330116822734	326.016484447634	321.638138871164	431.743440605359	362.14442522236	376.602953659529	311.777479673157	366.136741515796	363.480748980915	279.938925244425	333.253103332524	425.483272450884	419.820656076262	328.897281129838
ENSG00000108654.16|9311|DDX5|protein_coding	199.013811072558	315.160933797467	246.154980813201	246.154980813201	252.160393423517	284.689727541428	305.357603597149	254.054335500108	289.077854921579	238.546415971641	249.419148071446	239.97840369055	241.140832194773	230.806270266433	250.277473902794	249.652881047135	272.681107787959	263.342739406156	261.096241512569	250.697847583703	248.117969799378	249.58821234748	269.114022794699	265.569748658177	248.799327043315
ENSG00000109475.17|3505|RPL34|protein_coding	737.521770445363	869.844177281009	711.814188458958	707.61400408687	889.729709261341	894.55885462484	663.396552317669	677.421938461137	951.11219808685	933.700143196088	867.282487363812	919.671459589892	904.789917234826	916.90475359498	703.040504708065	884.270777201071	697.681896475522	908.820470562316	695.839354109509	701.974139678202	906.290820533576	893.193158207522	713.927467976348	730.475819332419	902.386345610884
ENSG00000109685.19|20352|NSD2|protein_coding	772.641854752285	334.070589825315	521.975631634128	503.56968708371	591.484853529819	601.922430383733	544.329090744771	546.619238448667	574.493272921198	542.761088165054	578.17762146923	578.18415630704	570.031480010193	570.266491685072	510.416502936962	587.124247622779	654.515149621698	570.972774657651	521.770888826671	515.726184498202	556.219840468678	593.78950426737	502.192206936996	497.794528356551	548.722711763278
ENSG00000110321.19|8485|EIF4G2|protein_coding	222.427200610506	277.341621741771	237.59848579592	251.362754396665	258.510507018771	249.453892139304	241.436428549081	259.282212415168	237.697159265887	278.576832353614	245.877916829844	262.962568816469	248.492735892582	247.188434243994	243.51886297327	259.787914265256	231.268721271271	256.728967894489	240.65915692027	233.913666370233	254.048524063432	258.968617210559	253.784130143388	251.691326672538	258.457972905981
ENSG00000110700.7|2115|RPS13|protein_coding	187.307116303584	453.831744668353	338.611832086686	352.759472813301	294.812009100344	294.812009100344	397.483051110783	280.998394643821	226.051608184361	306.224727976157	287.234346325928	297.808745258525	327.242146919832	351.339429978626	330.685789059568	294.590490346023	338.240911978533	316.567099826096	334.098768888033	329.899208677777	288.657883557843	283.408676061705	335.2279766577	401.4077706316	293.363271648817
ENSG00000111640.15|2396|GAPDH|protein_coding	503.387875065882	693.354054354427	549.661280072787	563.713817543001	628.717933706117	642.873327491605	560.200334215103	574.230014248017	657.287411324525	628.825666513333	617.785578484113	622.790115155544	626.884253009988	658.998073758181	549.813675171866	638.017042618485	556.772787879964	655.49250197337	542.174686789663	537.050977730129	611.707449170446	647.698582786857	577.430911918248	565.695244790019	657.7810716902
ENSG00000112096.19|18144|SOD2|protein_coding	749.228465214337	409.709213936707	553.392748083229	595.657925679259	588.205183008933	584.430306978072	636.810639797763	584.182597596881	551.060999227444	535.892280862138	566.225682839755	620.806863878739	553.745794061875	555.162764474347	582.80327167357	568.988354105242	583.563470932408	547.485400538361	605.791746541943	578.652449019397	583.530585019789	583.959971213207	573.654342710562	585.38480766936	580.71799542008
ENSG00000112306.8|639|RPS12|protein_coding	924.828886748947	1355.19201532911	1010.88754448457	1024.9535236234	1237.87719055238	1271.12885765947	952.663517468898	1004.99274213267	1242.58791558544	1262.92765005678	1246.16421448467	1217.3577801525	1276.32790598168	1381.28163559378	1008.82769251137	1230.29873849399	1025.01869149425	1220.37807067874	1040.6882961366	1037.97496301416	1298.84570533303	1229.57808529186	1016.09659321307	1055.9979803075	1253.36176052901
ENSG00000114391.13|2618|RPL24|protein_coding	316.080758762298	497.954275399998	391.64324544536	391.64324544536	429.343605994948	410.775870656645	400.843487584808	380.947845245329	370.613713179844	366.101733305507	430.182827745142	412.556388616662	469.493121510702	466.205069672974	393.671008854927	420.272456182292	413.634906110069	404.331354140912	392.06429650523	400.221197587769	409.086633242279	416.9173530335	399.132452076198	397.81686845668	415.944077469376
ENSG00000114942.14|1915|EEF1B2|protein_coding	175.60042153461	390.799557908859	271.65758781442	271.65758781442	286.626552983505	300.866780844374	235.280658164661	245.518689567686	398.430340823856	298.290712078325	290.659901968468	266.225044953095	287.066884124255	275.497721726809	250.639102630606	257.725990806703	283.300538029043	274.390369883958	281.725541674782	298.797565849906	293.855339207928	308.944885154646	271.75180305444	301.323262016104	286.221407676323
ENSG00000115053.17|8919|NCL|protein_coding	678.988296600493	680.747617002529	485.92680120535	513.53521561997	912.948066062682	813.598046213383	626.591125363019	537.104629605695	896.67302918489	695.27680894088	1017.42713986448	921.90884278012	771.802201703449	635.11343858669	470.412861113754	756.655678807825	553.208227361265	911.764124401071	523.760407354233	587.618616510423	961.095702248425	780.504665114933	509.975148417835	472.903521347178	795.506347719427
ENSG00000115268.10|2138|RPS15|protein_coding	643.868212293571	466.438182020251	385.206358256443	385.206358256443	706.760614782258	745.107723674771	355.145806725905	430.9978801076	619.606247712232	751.915457199126	714.962719671105	721.666447950467	725.195121581536	768.087047785678	386.511908723805	734.886523097223	389.277504061964	703.90405133136	384.287731397735	374.641191263566	684.573915386261	733.111219443816	400.639877490758	432.440402752913	717.446807082994
ENSG00000115464.15|18443|USP34|protein_coding	187.307116303584	100.851498815189	165.026572578461	142.692867278283	139.157982438315	134.870382266559	157.19926902923	149.095922657332	128.708606198082	147.197980886701	140.467742940913	137.897353840122	135.589043206359	138.838811718683	143.281062632468	136.447619551253	145.65995448058	153.224242325246	144.111276799046	150.864962651296	139.369594194856	141.180463289924	148.19151758933	142.414742250658	143.078472195257
ENSG00000115993.13|7516|TRAK2|protein_coding	409.73431691409	737.476585086073	533.630841767626	547.766509575976	602.877677045262	602.877677045262	486.721305542152	548.162936054247	598.394322533092	572.642456017829	728.476780357262	598.63280409156	601.96438005586	597.358445401644	507.919412339478	508.656650064685	576.360544508763	645.601274194706	610.680719848385	624.295091547218	568.999773497857	667.202383692517	458.072222744827	459.366426468724	661.717354505539
ENSG00000116251.11|4665|RPL22|protein_coding	292.66736922435	390.799557908859	223.620572310819	223.620572310819	467.336074282055	448.772476695071	215.595196929448	248.456827692435	470.816612869979	465.858514891081	434.158509567951	446.661691570831	459.658807882656	467.938654740721	211.624852899276	398.611361459429	186.261084017799	547.353051183257	219.985123322572	238.892742958777	527.709391743648	379.197119715837	258.23734433544	214.816317482313	474.494805034232
ENSG00000117523.17|14194|PRRC2C|protein_coding	58.5334738448701	157.580466898734	59.070053746116	89.6348699363675	141.998569390336	149.116897229454	85.9484011742327	79.0553481738912	157.429483782227	137.58765194753	134.688742567559	151.470699248727	128.348544539917	134.928430967188	71.9483697359458	137.873521842422	62.7891289348006	130.708884656394	77.5212108847706	74.1457048781269	167.478453069939	153.205912255135	69.0527132381464	67.9493864387105	141.841554248335
ENSG00000118181.11|1477|RPS25|protein_coding	702.401686138441	939.179582716452	811.293138340674	811.293138340674	828.384522996182	819.078027764636	891.117166611733	757.426575922708	802.434882787195	826.338191540302	818.158187160063	802.998045430997	846.852745071456	837.976440973174	817.535482179406	826.170016920302	819.08878802802	814.883962902405	817.142848575149	809.338125774815	832.780652352901	821.141758290402	821.070704163647	818.221751031961	819.297582800381
ENSG00000121892.15|12204|PDS5A|protein_coding	608.748127986649	289.94805909367	441.421658653159	441.421658653159	459.853124294375	450.5423501362	425.671403478294	432.725559664756	475.651797055025	460.173851597435	484.286970803068	456.629267342436	444.27060360703	428.810147525695	440.249137359295	444.621514443344	443.167528489198	455.947710471524	445.51729896811	439.241807103029	448.02807933038	464.220102903484	450.506674170597	447.472620860151	452.092980295353
ENSG00000122026.11|2196|RPL21|protein_coding	479.974485527935	586.199336863289	407.060572996975	407.060572996975	663.16568790288	649.52032224174	370.704033713861	403.092642644512	681.087261758897	708.445517823509	633.91404680327	657.023910680238	628.212365434972	668.175636883118	403.434092194543	634.717065261545	396.143676905179	611.834122982172	459.877734700411	408.695741355938	666.569079465913	629.063209627072	434.72989469508	386.203111281935	712.607409663986
ENSG00000124172.10|5081|ATP5F1E|protein_coding	573.628043679727	283.64484041772	423.203386949681	437.348187458253	425.105014397932	425.105014397932	374.099074471677	371.931506767543	484.262977374751	424.848718696998	394.073184928085	458.906365727982	429.049582913023	496.378934753154	419.985570952845	422.828374639545	425.454882516396	429.9195645975	426.736099634148	435.928725525409	414.687763678876	438.274966306021	436.410726510459	436.24242557566	422.475150881152
ENSG00000124614.16|2302|RPS10|protein_coding	245.840590148454	806.811990521516	580.562506494456	594.714159843021	469.767607976441	460.456101640482	583.75287836999	537.397056557156	462.534166511474	482.820727705083	459.485793295748	406.999234065211	508.719424669367	513.17904364781	637.204861044841	458.963572267111	553.206989766121	485.240869016707	601.083518195635	592.305270119365	443.621324581859	430.225606643118	639.929071736529	559.39373784435	446.998636883952
ENSG00000124942.14|19466|AHNAK|protein_coding	105.360252920766	208.006216306328	37.1537042733741	37.1537042733741	280.604543438303	271.31276616303	80.9295795134157	80.3958839584312	309.616776927322	243.140466596677	266.850579088847	272.532175723139	254.047550358995	244.485922853485	14.4188559197538	294.558938885576	22.9772699609039	264.46566650067	31.2091767187139	34.2089579186954	295.659964139729	271.910370301624	20.2506907827936	24.9707762482539	326.305175823488
ENSG00000125691.14|5905|RPL23|protein_coding	515.094569834857	1008.51498815189	787.212636386772	829.61913649652	700.021952507757	728.499879685924	846.435710965987	766.983394755941	667.643543881767	746.195681361733	712.282725119963	714.904805232957	724.295333808119	731.189568928798	859.978364949923	675.148988492047	766.907591268565	728.739818127037	752.651318615022	798.746455235114	809.915286436691	679.472398891868	879.443020339443	807.354156828434	665.404594813913
ENSG00000126247.11|3100|CAPNS1|protein_coding	620.454822755623	208.006216306328	406.260214799694	476.42037953433	411.988394143324	370.726342374264	429.423460818456	432.24132781801	381.0942964208	393.857122372087	381.638472832187	419.495875593001	389.114586735645	374.377624686905	432.12620381175	381.540350144241	438.282914473393	392.629381770369	429.386275123978	433.191424852814	400.614331811157	378.642370578033	439.535665219469	464.75922181421	385.754767681574
ENSG00000130255.13|2271|RPL36|protein_coding	257.547284917428	762.68945978987	0	0	0	0	583.753746617542	466.598364612227	427.7713778354	817.406969285344	768.593189864131	551.967763596263	455.803611929948	663.387678512955	316.238522674458	190.288224468322	198.888944163609	370.769014184131	280.079887275796	297.805888546364	361.672548129056	126.962119217051	404.465923009717	236.34492738405	367.456841123352
ENSG00000131143.10|4816|COX4I1|protein_coding	81.9468633828181	233.219091010126	105.26890610492	105.26890610492	207.184343102806	212.100916286872	123.782952605614	97.1877580004564	195.709144212037	218.312215845561	219.214374032618	195.1799608565	210.522075367283	197.38748576667	104.024940306312	197.27498216638	100.714604098846	218.45150643301	105.319828487265	122.155092530165	203.976786897199	216.715052329194	115.103731498969	109.189566527434	191.536512920554
ENSG00000131469.15|2026|RPL27|protein_coding	257.547284917428	384.49633923291	0	0	0	0	291.876873308771	371.271817003278	427.7713778354	754.966159131603	371.696706573637	347.815303088056	657.552751636647	716.295898271657	269.920759252441	678.069306908247	281.759337565113	460.956071688379	262.417191681827	372.928094666167	339.972195241313	444.367417259679	451.29881935821	164.413862528035	1065.62483925772
ENSG00000133112.17|7183|TPT1|protein_coding	643.868212293571	2010.72675762784	1385.68026781775	1385.68026781775	1258.54868742586	1272.80489926399	1446.1057597858	1318.80510339166	1245.52740308704	1165.08203383586	1198.35767623254	1269.33674255543	1198.21328705795	1501.6367114182	1478.09370996821	1243.3208227724	1296.70140158091	1268.13720970649	1390.80193344956	1316.50900065844	1271.1598165605	1199.39685303454	1591.64121613757	1363.18331645207	1244.49746097832
ENSG00000133606.11|5843|MKRN1|protein_coding	374.614232607168	277.341621741771	0	0	0	0	350.252247970525	647.217086397606	153.997696020744	374.644860922449	327.597097319138	824.171044273871	358.665137256353	525.012334528658	589.353610438762	233.170077869634	546.944596449925	150.31176250708	797.34454395632	482.928467913022	1034.3834876491	872.864569617227	310.80013031273	719.310648560153	542.436289277329
ENSG00000134419.15|6679|RPS15A|protein_coding	573.628043679727	762.68945978987	689.607787465751	671.27133876966	671.401464261346	634.387675384024	718.117694899134	633.613489173969	631.245258960261	657.962196786893	645.461632329128	644.474217479985	692.209705169328	645.348915705685	676.482913288733	628.195162054364	685.319426185347	673.906557324662	734.496772505718	678.952953906138	638.727800207839	633.408028981853	707.044405162736	669.863099035601	640.855499223938
ENSG00000136149.6|612|RPL13AP25|processed_pseudogene	257.547284917428	264.735184389872	0	0	0	0	272.418415088186	290.99682954311	444.882232948816	522.232230376748	151.198660301141	234.397269472385	308.850534859637	415.126031952892	175.688068152477	176.887645280412	49.7222360409023	60.1247050028321	123.638869157784	270.976529217862	282.104587540664	68.771147909236	229.906945710786	133.586263304028	192.477392969375
ENSG00000136929.13|2192|HEMGN|protein_coding	280.960674455376	176.490122926582	0	0	0	0	525.378371955787	280.962456110589	205.330261360992	266.792552475078	258.297711347782	355.376505329101	358.665137256353	130.235617867574	568.590475111651	814.755214624929	1237.53120812912	581.205481694043	860.425599649066	627.807008286929	672.710939520044	423.207064056837	719.523589354128	92.4827976720197	369.206635604892
ENSG00000136938.9|1870|ANP32B|protein_coding	187.307116303584	157.580466898734	0	0	0	0	252.959956867601	321.099949840673	136.886840907328	170.293118601113	151.198660301141	143.662842579849	174.351108388505	146.515070101021	717.126750913291	278.732047108528	3386.63674367479	2896.00662430308	2455.11468756171	3278.54770994285	4933.21355648032	1565.8661370103	702.493445227403	436.724322340093	1331.59360045177
ENSG00000136942.15|1535|RPL35|protein_coding	245.840590148454	743.779803762022	410.878773322921	425.019772297607	574.428435210424	565.123939240494	336.040321382735	372.407930239754	663.512709810649	589.905658746757	618.118015501783	552.791418449066	561.21904496495	593.4507003162	429.545600740329	563.839678425206	380.047221712921	561.337346302333	426.568938744874	401.960550830866	614.37884770084	534.12903165251	457.256546949785	415.070980904584	575.249555234464
ENSG00000137076.21|9876|TLN1|protein_coding	433.147706452038	384.49633923291	0	0	0	0	350.252247970525	115.395294473992	376.438812495152	238.410366041559	308.697264781495	113.41803361567	194.276949347191	146.515070101021	463.177634220166	643.227801019681	182.314865483308	511.059992524073	580.345712373271	367.562222800467	585.90952796907	417.916975756127	263.967233964236	750.138247784159	426.949853495704
ENSG00000137154.13|2696|RPS6|protein_coding	550.214654141779	951.78602006835	674.678563149707	656.353336981143	854.883822053104	813.554799861799	688.522741310844	657.372546828768	792.553671248911	794.260363454154	856.707012927922	816.366945408226	841.382322746735	862.403736094499	669.614137391225	823.462035724006	651.898320464732	840.677286034579	659.314166321517	743.807692750427	819.011227259636	781.49250772429	672.838863105561	677.875488303575	843.277575610132
ENSG00000137460.10|6597|FHDC1|protein_coding	35.120084306922	252.128747037974	105.112111369828	105.112111369828	180.173844650687	185.112809420146	98.8819983284109	113.221072708791	174.409978089961	169.7230500119	226.582318531816	174.252423350834	165.434696583914	164.908973971544	89.2421839446567	151.464599290123	143.926178507379	155.221299354944	103.783824414825	119.977145442144	163.726910799953	213.132424367458	100.912726334669	109.39888109001	196.723949470439
ENSG00000137818.12|3252|RPLP1|protein_coding	351.20084306922	1701.86904250632	849.583807469291	863.733873581556	1179.96901687443	1208.47628943419	818.105526057568	816.132304682322	1227.58554002933	1340.0819770152	1216.85435020417	1134.99330059578	1161.8229377326	1197.37337367511	869.448888885468	1178.36531365979	841.586839708178	1172.61347649249	843.760327491811	873.363607665473	1241.45909511866	1177.44755555872	853.655520347777	853.503548997485	1196.66322722198
ENSG00000138326.21|7829|RPS24|protein_coding	632.161517524597	573.59289951139	581.671437600461	581.671437600461	623.519474480244	614.234208638669	560.420666890245	565.052974765041	611.136203655001	615.106907413544	619.352809718923	661.330256460626	623.111862929468	633.019836207395	592.304476421088	627.62205868533	591.341553829212	638.254627296841	579.458668874043	574.254733979132	596.962038789571	611.144225990981	604.867803495328	585.130632886359	612.681392708369
ENSG00000140264.21|9185|SERF2|protein_coding	269.253979686402	699.657273030377	460.741440230045	474.888793979997	499.265992168176	499.265992168176	409.070503867108	463.192740235751	457.436200945205	558.331743016604	513.78136763241	534.763058608534	469.688305586196	551.444462443504	460.420775763366	491.340588172087	491.061107423226	517.719163354598	461.615570447122	465.760634375284	512.690529300725	482.661081468885	449.067356722283	472.387954335977	498.394643747213
ENSG00000140836.17|22347|ZFHX3|protein_coding	6977.19008230851	2880.57093490885	5205.93537385779	5549.20493250411	4700.51818506896	4322.56811610037	5322.58821448733	5269.48631113342	4534.44732093594	4458.86471818918	4563.28041519519	4655.49617079003	4448.01652612254	4439.86229750609	5333.92684145314	4534.67061289993	5311.32522987151	4532.73080985635	5309.16948054076	5305.40559606621	4534.65251906821	4533.79799688264	5309.27798480466	5308.60441241798	4533.45035226166
ENSG00000140988.16|2388|RPS2|protein_coding	585.334738448701	1021.12142550379	826.28541363265	821.995971563818	752.725537786842	809.608534624105	811.468601391525	799.118710526434	773.578576359353	812.544485278214	802.506380824397	743.268571789671	789.541657906665	771.763753596181	830.017493937753	752.762327738649	807.995215119462	725.033071665053	866.61556106375	809.629353247797	796.355931537664	782.3034884373	836.566218723128	891.648443988951	764.198230300216
ENSG00000141867.19|13884|BRD4|protein_coding	245.840590148454	289.94805909367	266.467939780195	266.467939780195	271.874246863854	262.655351162789	265.032990358762	290.15881532133	270.955469261994	259.180749607585	280.789645724213	249.679088045245	256.4173752435	260.791203884843	274.197864749082	272.85645934818	267.371385117593	262.311672492552	268.657915454559	265.841074224594	259.181288319019	263.938558355859	271.879123441123	271.996601697066	268.990642363743
ENSG00000142534.7|1409|RPS11|protein_coding	831.175328597155	1670.35294912658	1206.74603788431	1235.04228309985	1279.08689632469	1269.77771314592	1108.02789116022	1149.86210536593	1245.36270298641	1287.70190853244	1327.32828178384	1295.03347573987	1342.21010323421	1389.69319105426	1271.62420720991	1268.43593623949	1187.53174381832	1269.14146784628	1196.9655457322	1212.25964045129	1286.09846532032	1255.22734091958	1263.03687904074	1230.7323451338	1272.64642748568
ENSG00000142541.18|3228|RPL13A|protein_coding	667.281601831519	1336.28235930126	1224.87089377874	1224.87089377874	774.490820203534	779.433093910752	1196.77289590088	1103.43148068512	976.097395164451	722.848238947465	781.248503972566	772.804632601414	748.890110733916	731.453535230037	1343.21888317368	699.644167220555	1065.54657903395	659.305583146391	1190.96349111181	1250.55539602574	760.754943896143	625.395818433283	1553.86812005719	1214.7556497209	912.883216034326
ENSG00000142669.15|876|SH3BGRL3|protein_coding	152.187031996662	958.0892387443	528.366643773594	528.366643773594	591.270056804432	572.647147286982	521.326025882654	544.36526516799	542.857022957298	616.238481606116	554.864747561739	544.249975738726	559.775024339262	641.887460206067	566.96863579746	622.118848027155	524.859360436947	546.580404621944	499.887244138459	517.035320667482	548.333980283845	572.333391598457	548.953854550915	556.338998237084	570.807563712438
ENSG00000142676.14|2659|RPL11|protein_coding	327.787453531272	1210.21798578227	443.041423431013	456.935535534053	1081.95611846708	1081.95611846708	495.382673536073	438.248984070232	1068.69460185107	1173.2307420449	1092.46102391047	1033.46151573285	1097.13455632323	1112.02274377702	404.502731620682	1055.79431603819	387.822787709701	1116.31022711372	417.139026546787	493.246330446319	1317.95508575773	1044.83665705834	422.763518599485	410.619437278221	1063.54026175143
ENSG00000142937.12|2781|RPS8|protein_coding	1580.40379381149	1745.99157323797	1576.9801153345	1576.9801153345	1720.211231029	1738.8400328909	1615.89225968828	1596.38627323991	1744.70408469578	1727.39289667984	1732.12229911326	1728.60386804364	1745.98284325727	1726.38458733504	1585.8234960809	1740.26018220091	1580.42441618359	1757.48946219828	1597.17650584197	1583.75454659888	1737.29609226187	1717.966590744	1595.47538485774	1586.87669256007	1725.27349943216
ENSG00000143546.10|891|S100A8|protein_coding	187.307116303584	554.683243483542	166.731128258332	179.346711167839	565.822118374271	565.822118374271	177.415547429664	147.156495611284	608.145667067383	567.367740188659	589.501015268244	539.200812947749	582.850716163387	604.127762529106	154.459923719217	564.223976889693	158.801182693105	574.918151386426	154.940784925302	154.86656271956	568.141865868011	654.236874315064	154.538558238244	162.323065263231	568.695588148783
ENSG00000143549.21|15156|TPM3|protein_coding	316.080758762298	378.19312055696	228.599657043382	224.332138364272	487.015097391578	450.049081097904	292.962302975282	258.672128031291	467.353933489026	443.969037822689	470.493156150273	443.225446443748	450.926033681911	452.40528595502	203.570242451703	468.346611813717	217.35527856082	497.612328645038	214.72944242563	241.024801945052	511.898438621347	500.628835189753	188.324267904315	200.349059102216	450.442123855205
ENSG00000143947.15|2941|RPS27A|protein_coding	351.20084306922	579.896118187339	364.57807910913	390.298020988819	537.441843013839	567.842533109996	366.33209831667	372.716716983625	535.47048733172	544.656456238253	538.864952332197	601.5886608995	567.469074593032	545.98398864541	388.04767890331	533.746910950758	379.733159309589	542.976739589157	366.744250401523	370.676202160852	560.161666204173	569.353640482159	397.944867952007	378.67242623014	545.397611708758
ENSG00000144713.13|3714|RPL32|protein_coding	819.468633828181	1121.97292431898	1012.38466683636	1040.66454570096	912.558012117771	908.193849972095	1106.20661788496	950.527455363465	833.832230513993	980.106052669263	865.414489007518	849.989753851796	936.36234169497	995.680139304258	1049.59648421377	931.003613186654	988.632532022204	900.110498426733	999.138670680475	1020.78454091461	877.445051897229	893.285374595963	1058.8641451515	1109.82181239213	907.89182194334
ENSG00000145335.17|6202|SNCA|protein_coding	1638.93726765636	163.883685574683	632.212207799841	632.212207799841	1065.83908146577	1307.79136981766	672.076434377599	825.218231825317	1058.55974802596	1181.95224824048	1040.53961120152	1063.88933315672	1063.81540992649	1148.0776168043	668.860560709031	1075.63494471854	717.618178178992	1128.81187298935	724.927341662852	701.692374568953	1100.60919036202	1123.64480198403	645.41284760694	675.346253137335	1114.42372042559
ENSG00000145425.10|2280|RPS3A|protein_coding	468.26779075896	920.269926688604	739.942718901141	754.092407650314	637.268540701437	642.211583187501	879.662526395445	721.486942386846	685.408616237502	571.617123155547	651.352946170611	599.829350514213	636.906052482062	570.921924758892	725.890470194156	603.812996430358	777.468857262655	662.452611300256	737.773972380375	741.480070277311	616.592054930525	642.279463766873	775.253698500895	763.282463477543	644.638985374182
ENSG00000145592.14|8040|RPL37|protein_coding	585.334738448701	655.534742298731	561.452604355397	590.500786887793	659.124654994125	659.124654994125	561.937139903822	546.658956804935	669.49280779784	697.318027385258	684.684183787111	656.364567274494	682.439149302777	689.85969417086	578.77810146449	677.032639333122	570.036000381787	664.176260823994	567.179466203359	564.711957780187	663.520227170949	686.919553956963	571.983403137872	563.329409824238	667.058469354615
ENSG00000147403.18|4602|RPL10|protein_coding	1416.51006704586	1651.44329309873	1416.92564309359	1434.11749580712	1628.62907830397	1617.31718127498	1422.0633024237	1422.43255201406	1623.40858247273	1633.40488532353	1628.76994853048	1615.80260768984	1636.5410541112	1667.44206968881	1439.27033856989	1665.64858935289	1427.25972084104	1636.75441019153	1416.74532670055	1424.56279316835	1618.5259541772	1617.17602871951	1431.30008431326	1433.27154025619	1648.55392111559
ENSG00000147454.14|7996|SLC25A37|protein_coding	831.175328597155	743.779803762022	707.705721230621	707.705721230621	854.222725926607	868.468422736671	642.053229602146	809.916242811935	797.019654514099	839.100811287613	791.457576066235	899.631531486641	844.186163966972	988.601219182953	701.57800448627	854.981319077265	717.202895437252	878.881121748242	723.838948529179	698.457926238609	845.733547940582	912.402106966628	685.92065718128	706.85220346893	854.047193534479
ENSG00000147604.14|2700|RPL7|protein_coding	327.787453531272	504.257494075947	444.490393402581	472.741001410626	370.661889719412	375.596413655461	450.931201025459	449.954891608175	337.355861309023	429.235758553972	377.67863974789	353.913919264766	392.485836855536	359.43117808176	441.178448563861	360.504457646556	459.269162046637	361.600633847862	487.050595015184	477.738438158714	393.38811871605	374.186948196801	447.508472614468	466.656320613128	353.130071780853
ENSG00000148303.17|2238|RPL7A|protein_coding	105.360252920766	705.960491706326	307.340720703881	307.340720703881	495.909306368987	510.162551336022	315.258807247513	340.295051010054	489.984024761817	496.539706500863	482.720739039822	474.716137841633	526.990478612379	517.291409812222	299.264245368966	490.237006699783	278.117204228966	607.328223583231	294.690359804967	305.095720960573	487.495009102232	474.165481127144	322.027503456992	326.831618266605	476.063593422449
ENSG00000149273.15|5859|RPS3|protein_coding	257.547284917428	1241.73407916202	676.567773556067	676.567773556067	807.498423236792	836.006415969964	649.516889097879	703.291934627927	769.436333106549	813.46982444802	811.255988255178	819.577207256279	834.481644374814	865.367093197286	672.611941183786	816.235437134079	675.153927016823	795.236050321096	672.841918441252	677.923689423204	803.175633401072	828.368564532133	694.958105156768	714.254774013067	812.826059712935
ENSG00000149311.20|39184|ATM|protein_coding	222.427200610506	107.154717491139	-316.909557766487	-130.37860486732	502.837374267278	690.375062166113	-67.2687375332214	-56.2811517215169	482.552841385062	439.419220299421	449.819926203987	494.578415787026	438.367271155182	429.997560026298	-144.303524359742	463.305821777804	-147.045751300041	482.441364027972	-139.283713142782	-148.433611096731	466.749199013349	468.347999442044	-138.562879392065	-149.167573796931	463.526675742139
ENSG00000149806.11|1548|FAU|protein_coding	117.06694768974	787.902334493668	331.631969300985	345.778377016288	557.14842330859	576.340270706151	338.154132241266	336.799598724154	524.528483081176	629.433442574601	512.173713979508	594.164477448439	545.548477121047	597.304472507462	343.772620571157	574.062538651907	331.116052056333	577.022176335156	330.545874318948	347.931469560302	553.992236369927	544.568151003482	351.780818687541	328.397939874932	572.203526612203
ENSG00000150867.14|5106|PIP4K2A|protein_coding	632.161517524597	359.283464529112	518.842873950388	532.971520878619	455.894118309303	470.12617862931	500.643343360562	551.283646360224	444.125826266008	463.473940422177	481.559077022369	477.991321309253	433.985900863054	475.479063930299	530.152546540467	466.642808980507	537.912178191722	462.340757255946	531.368629852728	530.053586911026	451.59054712236	454.878439779986	512.867781841163	530.087768175947	474.623275666191
ENSG00000150991.15|3898|UBC|protein_coding	351.20084306922	491.651056724049	372.114155493462	372.114155493462	476.521237209918	458.39074024747	393.651084065412	384.403125813122	508.817565006227	450.235639790831	437.929809800708	466.475236137976	462.828025217765	446.007170708156	369.987825083488	475.53643662898	359.104074406226	463.851978976846	358.75487857451	375.26148999629	465.228460858323	467.629175634574	398.356169332776	384.653176739007	470.929038586591
ENSG00000156026.14|4533|MCU|protein_coding	4167.58333775475	642.928304946833	3081.87013856192	2985.6935832442	2537.57468475777	1311.5008810282	2862.37917494106	3144.51978253488	1848.43409144587	1807.23517686588	1870.98369011365	1934.00938574611	1811.77667646133	1804.98711736929	2899.42795444014	1905.44375812211	2898.25389097991	1904.60215767438	2900.95614806215	2903.59592899111	1911.87070985664	1906.59556734122	2898.65814468451	2898.13244207713	1907.01980034235
ENSG00000156482.11|3987|RPL30|protein_coding	210.720505841532	365.586683205062	374.129029905684	388.267996560521	193.640896459317	198.580193296357	420.136432239093	308.29851015341	156.049708194059	176.299530824029	198.387839874918	162.141215484762	239.490893725451	243.780780785401	425.615821528079	197.082339182541	364.854048966402	183.892464943172	365.505937456152	356.64390739603	152.485057189859	189.138986861847	500.030985192848	365.278099337662	170.45787419892
ENSG00000156508.19|10063|EEF1A1|protein_coding	1299.44311935612	3044.45462048353	2524.38823726131	2552.68996460583	1809.45073582936	1795.77221527293	2623.10683437427	2422.84689499333	1865.53493987771	1765.70090896764	1777.62705436145	1770.14094179571	1813.97008508169	1730.88478256815	2454.19911479746	1726.74729704939	2881.33323405604	1700.06161008483	2642.92854661894	2381.8976306842	1764.54230603189	1745.38251173883	2544.87773873886	2657.69903475873	1789.75844485093
ENSG00000156650.14|32495|KAT6B|protein_coding	152.187031996662	126.064373518987	0	0	0	0	136.209207544093	265.910895961807	325.106247154904	351.939111775634	201.598213734854	204.152460508207	132.008696351297	175.004111509553	122.981647706734	144.726255229428	546.944596449925	330.685877515576	222.045316038469	257.561849553612	354.439097166475	52.9008830071047	221.391873647424	113.034530488024	131.234586115483
ENSG00000157514.17|4766|TSC22D3|protein_coding	245.840590148454	132.367592194936	146.557526302979	95.9057970618921	328.513032260495	225.519247934444	173.479689678545	198.132833308382	206.251815297699	217.542986351214	253.871162838548	231.820177996872	220.619533884415	225.680982277761	133.36337222382	241.883706930706	134.024287906722	246.133793376011	135.46672793388	140.157339255883	238.196122648644	235.945595603069	140.17893474758	137.975187573743	238.993679661116
ENSG00000158710.15|2262|TAGLN2|protein_coding	105.360252920766	932.876364040502	449.729677347552	492.124246173671	598.893105218459	543.103539644527	494.858690055166	471.553712105998	571.370644551533	543.07747604204	561.882334779433	548.903559779624	571.212762039713	577.530349258311	485.284041313718	564.583040325507	466.047453595786	556.232124692585	488.725387132785	459.303531087905	573.168971742397	556.726982674347	463.844629622864	462.782469945777	573.815938265263
ENSG00000158856.18|4473|DMTN|protein_coding	152.187031996662	100.851498815189	99.8203792768196	113.823213382133	156.156666929424	137.729494459681	107.148090816509	96.9239688185652	115.969776349675	155.59798299788	158.99043293723	153.046202507435	121.392392741735	184.560134165606	109.310196777723	149.757159648012	102.645246816946	158.739143843389	111.935238359553	100.017998993984	134.167585938802	143.589671287567	96.3214796276619	117.871156102315	146.96170940958
ENSG00000159023.22|19993|EPB41|protein_coding	737.521770445363	390.799557908859	643.309851716934	758.363372605122	444.767875948883	436.93340494099	708.607552462758	781.824690935576	400.079926845115	407.49370799519	423.230967746913	427.832336006829	405.744924975225	441.524787743069	693.485395801927	447.542986981921	686.049687958185	434.275684332042	681.19203624863	683.447486452269	439.287715616319	444.829735672261	685.237193902918	688.858501003411	449.749801624026
ENSG00000161016.18|2159|RPL8|protein_coding	280.960674455376	995.908550799996	500.656112244556	500.656112244556	776.138858917965	771.770672547853	479.42631418475	557.637057667318	764.467678976653	803.209835834567	734.408416494329	749.358321179104	746.83153553607	814.869407945645	515.453049724533	767.746059375255	472.171058495911	848.109042823586	514.675549175663	496.098746937188	784.08413212791	695.503273729626	527.589481783275	488.935465381761	775.438685026377
ENSG00000161960.16|5199|EIF4A1|protein_coding	210.720505841532	359.283464529112	258.583439207941	258.583439207941	314.185746924771	304.888685333605	249.315542807108	264.571254336131	418.16540961233	292.706338415713	298.485808188603	298.999382700426	280.472745975531	277.256966456464	262.337201816187	310.564801566599	265.015309319424	310.148885638404	265.20927465235	266.45322475865	313.046583196096	297.323884501592	253.516237959637	256.957473153353	307.604070252409
ENSG00000161970.15|2476|RPL26|protein_coding	222.427200610506	731.173366410124	644.314808220127	644.314808220127	320.195649412908	301.579556183518	576.761908914408	610.013595673529	284.772379502614	281.939582292485	310.016315195103	356.346145432956	354.263020652359	310.565282245245	751.623473601043	229.215867639406	584.971266357107	326.458460711658	685.811474107438	623.161353493613	261.423318942877	247.827431640854	807.128320541715	602.481515783646	310.990688819293
ENSG00000162244.12|2011|RPL29|protein_coding	35.120084306922	523.167150103795	164.315774551081	164.315774551081	386.240348130403	400.486250169705	196.482317482374	168.481671037099	370.423716219542	378.347583120315	386.405191061268	393.371497940521	396.171802701961	412.48486581109	151.839050987783	386.00195304654	149.968513825691	454.60133755895	163.928038550535	147.156309404969	367.248271758313	384.12545155174	184.611917567448	157.531596004412	406.146499123892
ENSG00000162434.13|12620|JAK1|protein_coding	163.893726765636	94.5482801392401	99.0770704345462	135.789787881648	154.335991622119	141.728011366243	113.585414405327	131.197309797721	146.308910720293	143.881539557511	143.728194642218	131.161091552986	137.13699364164	126.068055003219	120.110404413795	136.87154587648	125.920270377801	135.42709632477	112.856373084789	119.585498772847	135.493472617493	142.399495702268	125.736173934922	115.480606859254	140.326191008346
ENSG00000162722.9|5170|TRIM58|protein_coding	760.935159983311	132.367592194936	444.944952711407	444.944952711407	452.915128132791	443.60303376218	412.142605143676	500.558084602388	386.114944635207	417.497088161417	420.423296992807	479.84204835703	479.166640126016	468.362756454969	424.499474676457	431.932325553904	465.498069387546	458.151142316906	452.71173089836	446.087639539253	462.385555188685	470.4807623747	430.305331558294	440.408779501183	424.0067861827
ENSG00000163041.13|3826|H3-3A|protein_coding	327.787453531272	510.560712751897	0	0	0	0	116.750749323508	145.498414771555	222.441116474408	175.969555887817	195.29826955564	325.131696364922	338.739296297667	337.79863384402	309.849865650731	270.691699595782	232.037101524211	561.163913359766	179.150198167401	367.562222800467	329.122018797441	275.084591636944	464.071427453254	51.3793320400109	299.214856343301
ENSG00000163374.20|5001|YY1AP1|protein_coding	854.588718135103	750.083022437972	819.70672130779	830.700197843155	756.111376813573	789.33320378101	851.024541359368	865.927676431823	748.986221904339	755.736955950223	779.488833598722	751.418182261391	755.74422511851	761.163589825414	833.599915608554	769.01587622017	843.721557729259	758.019369998756	843.192468549539	834.463454892543	776.578162825628	774.965491992437	825.940216278527	823.406178099749	771.789326537885
ENSG00000163631.17|3431|ALB|protein_coding	222.427200610506	100.851498815189	99.2849167704309	127.437774635527	198.032128722641	226.39104896121	98.2861033025931	96.3916647161945	308.66612722404	159.10764639934	217.78800037772	214.110584433692	186.695061159121	225.436240322762	102.795926948946	206.304232974463	116.097596103189	210.544031099731	102.791724360894	116.331667218634	206.728597363076	247.226955748706	108.884644539149	100.898524652573	204.079961377513
ENSG00000163682.17|4938|RPL9|protein_coding	491.681180296909	472.741400696201	0	0	0	0	758.879870602804	285.979642826849	718.655914763472	403.027047355968	522.895366874778	468.794538944771	729.783925111885	443.615073361424	313.044194162595	527.982820003655	309.382802032281	280.581956679883	638.380283610598	555.367738099975	350.822371685184	222.18370862984	434.268675231485	375.06912389208	533.68731686963
ENSG00000164587.13|5082|RPS14|protein_coding	561.921348910753	958.0892387443	655.021494120203	696.379597539421	801.940770570783	885.26241142901	602.270239132281	744.495972978714	777.061167630744	911.983243120262	870.253782205126	815.418848855652	802.636940130499	877.369154824533	681.718340675223	824.788653571501	681.746392281032	827.179622974218	705.594575413898	680.825325799846	816.100227226781	848.142530251867	685.609356264183	680.086905122635	843.385819734611
ENSG00000164609.10|4769|SLU7|protein_coding	421.441011683064	264.735184389872	302.9970433822	344.893345376032	380.391090927632	348.513855152873	327.79800639711	314.841060964211	346.252324920668	339.223627313163	386.413244222219	402.209329124554	343.822846083332	347.207254371258	323.071247382527	355.896789041737	322.762277992166	363.437383645052	326.978600294455	327.457750338216	362.681207520223	355.033622052122	335.698202482244	324.326261139277	355.240515585446
ENSG00000164733.22|10541|CTSB|protein_coding	491.681180296909	119.761154843037	270.682751678616	270.682751678616	339.002615363655	343.946256360216	281.150503631422	289.881979614408	339.254976041186	313.296095942727	367.175667011112	317.155188862082	325.975352223302	333.169427323368	271.395357931872	326.558535543476	269.073692544348	350.867426104415	273.620546400913	273.343709963833	337.449312960636	338.076300057304	267.647609592404	275.492336367224	341.878950490024
ENSG00000164924.18|8557|YWHAZ|protein_coding	93.6535581517921	409.709213936707	127.919273906719	220.80370874817	330.489598752628	344.936000356788	212.128353888195	193.293630193091	320.193159088098	331.497057887745	308.77198925466	320.435204875861	320.649750069873	320.659831380286	187.525516411449	316.730844915987	170.583474847189	336.616282884802	170.991991054856	160.462053481255	351.235670366669	337.373769813864	164.047304804119	170.032116386617	323.506364261768
ENSG00000166441.13|6816|RPL27A|protein_coding	456.561095989986	1134.57936167088	639.758859750098	639.758859750098	944.122282986525	949.065597228328	618.20389261556	679.915440879664	912.060467189898	1041.96772828228	924.67715622397	922.925820623978	949.481864094842	941.647811927756	623.625065652965	929.760246901599	615.961095072585	946.570713885135	643.550713995778	671.72507801965	1047.08564473883	926.601933101604	638.057408244126	635.076734690559	912.136878892817
ENSG00000166501.14|11049|PRKCB|protein_coding	597.041433217675	453.831744668353	608.491191638287	602.099070526048	425.104292006287	476.201109916441	594.545756001513	600.688414651104	478.610122163655	443.948939949822	422.35523756883	439.054706475472	417.385953902067	456.523799215466	613.076328469403	424.361688270569	679.496922602132	464.587611812533	634.34930416219	616.691161428312	436.727388488175	426.96179967966	615.680003194621	610.114077624796	437.304577639399
ENSG00000166710.21|5455|B2M|protein_coding	749.228465214337	1304.76626592151	1005.40695363378	1005.40695363378	1051.56836130777	1032.94916500777	1016.15506829728	1010.94116985763	1072.92969011639	986.6994382551	978.154930817542	1037.39604566054	1020.21894444792	1141.33136727777	1037.76935535963	980.063415771076	1011.1556295008	1017.88405801974	1159.5403364917	962.010581975972	1121.6173364578	1054.24211206694	921.404366103463	1005.21761790843	1012.36861309203
ENSG00000167244.21|6259|IGF2|protein_coding	386.320927376142	384.49633923291	302.57211242527	302.57211242527	463.89662423008	468.839674783199	342.065210655609	356.318109114044	436.322715045839	432.953639260546	456.30954082913	494.29983057237	443.373379250389	439.451292257914	294.250728754139	467.504723782605	285.984392354355	499.38251722974	300.866118086542	302.169724051254	451.260975390561	473.541668836093	301.715750554008	310.431856794249	470.788519386407
ENSG00000167526.14|3866|RPL13|protein_coding	1252.61634028022	1512.77248222784	1395.53608927809	1479.65723015461	1310.33118656143	1334.24960332655	1467.55852964359	1393.11575328442	1409.00738364935	1279.16065377388	1328.88359599908	1299.32464333925	1326.45562624424	1326.22010439863	1418.91832605912	1309.75094547145	1427.68681619928	1302.25424771277	1422.77833683097	1427.74315266591	1366.85905551849	1328.43454822584	1416.15449824527	1519.2829265393	1318.21592569225
ENSG00000167658.16|4021|EEF2|protein_coding	597.041433217675	1727.08191721012	1033.79768210349	1047.94828899726	1271.12504071656	1285.37922173614	1023.34807164731	1042.06234251632	1279.2193904782	1262.40046873731	1286.2102863411	1305.96985461792	1301.49472727018	1280.63609361899	1044.06659122622	1298.98461262462	1025.99940815194	1268.40593988343	1007.86746350151	1037.41015563997	1273.06097376868	1284.0377663741	1038.65167959113	1068.94816186569	1300.19231255495
ENSG00000167978.17|12969|SRRM2|protein_coding	327.787453531272	384.49633923291	326.140400661037	337.391472235139	376.218560564815	380.149002130731	340.705286101942	341.163550356332	369.886355023642	376.264681733444	379.092088562366	378.739317858389	370.648581921122	372.404324387247	332.186204451931	380.823112907752	328.980448837744	389.109582588404	332.326075862369	332.149347799055	379.259926876109	368.118719722665	337.559669366634	333.109022487515	380.380612257531
ENSG00000167996.16|2004|FTH1|protein_coding	1041.89583443869	2439.34562759239	1734.07606664782	1748.2288836245	1731.92367808266	1731.92367808266	1770.13132397265	1634.26515094208	1712.34477844686	1656.47070915283	1755.29272471818	1739.0895424271	1681.62788744524	1956.21828045106	1792.71484098299	1740.42725058286	1627.30061424157	1706.89286252661	1685.16518327359	1853.43186489848	1619.15583261449	1765.15386814374	1772.53084645132	1778.43749367661	1805.85866824669
ENSG00000168028.14|3909|RPSA|protein_coding	245.840590148454	302.554496445568	300.305406314427	300.305406314427	221.398757277459	275.966080954521	326.944085521021	322.64884846661	214.63577305186	235.51853450456	236.77033898127	233.159017092608	228.690258879046	225.636412030926	315.667104537798	229.868029446609	311.437809777543	215.282987688759	307.585234934598	319.6731781794	234.640685333132	225.293624618478	338.156386448127	337.340376345549	222.651001515556
ENSG00000170315.14|1567|UBB|protein_coding	819.468633828181	403.405995260758	0	0	0	0	272.418415088186	461.581177895967	650.212494309808	1237.46332850142	390.59653911128	499.03934790895	383.572438454711	1017.46576459042	485.537933803208	452.939576551359	392.253195433784	972.016064212452	290.172856186635	587.562969294177	173.602823101947	555.459271574599	630.115332688822	71.9310648560153	1137.36641300085
ENSG00000171858.18|1036|RPS21|protein_coding	304.374063993324	661.837960974681	556.393157839888	584.685863961794	395.380390853991	395.380390853991	529.350787073315	468.783961256662	356.537316818847	436.871295229317	400.724547327333	357.745067672579	443.317177814253	532.890585194779	567.631755064475	381.504334350097	563.354436369646	384.325750093822	576.643610797465	565.82424061942	393.535557667105	386.355321523147	598.137580082213	592.761899716652	382.620060569381
ENSG00000171863.15|5529|RPS7|protein_coding	128.773642458714	334.070589825315	239.04050508016	239.04050508016	227.961622831602	218.653725796616	220.667461053156	214.773054970577	264.670841975349	230.751342215388	199.705470546647	219.166630157991	228.63471145689	229.18433472044	227.853595852672	192.398646200434	274.697065322585	218.040763950848	229.737280909581	242.745527356693	228.56265073555	208.606282446012	232.17332961432	275.211473498435	227.591527634925
ENSG00000172809.13|3829|RPL38|protein_coding	433.147706452038	598.805774215187	513.397134567603	513.397134567603	501.469018225347	529.794850164044	497.776142185793	486.978237937336	475.501864816679	537.386390584596	456.130057660026	520.586162431638	523.747861836774	608.757963663743	523.316959484843	496.529288618291	536.557347478334	503.263143443898	515.717521246371	521.480539250717	498.081536275355	498.41836610645	531.147749461758	545.63940017244	507.96019917373
ENSG00000173575.22|16951|CHD2|protein_coding	210.720505841532	182.793341602531	183.611208108146	192.943050454555	220.132330888073	193.672162798386	187.337081418288	198.775845894506	194.800466025969	198.078736264458	210.190070489113	217.542085048259	219.616664946496	203.969927561719	176.020635446657	199.307253053664	182.740286173277	211.024875178817	188.766261265641	174.605540983803	247.298202139416	212.153219699943	175.095832380462	176.939060030705	206.240979514635
ENSG00000173812.11|3623|EIF1|protein_coding	163.893726765636	428.618869964555	0	0	0	0	622.670663058711	361.237443570757	290.884536928072	363.291986349042	245.697822989353	483.91694342686	366.13732761586	728.505487446742	1300.09170432833	578.905020917713	359.105038073183	701.454891699707	386.05606083961	686.831598809631	632.926959225848	846.414128113674	1251.71559331428	621.689917684132	393.703758346448
ENSG00000174444.15|5609|RPL4|protein_coding	152.187031996662	743.779803762022	385.453478840098	413.732371366097	489.63010541205	503.873044111608	421.155288737419	420.445207173888	468.329066164569	491.487019835022	505.65854965441	475.118231531485	523.751744944756	493.378942092059	381.038922206124	499.535203115114	353.071827078051	488.512015724012	364.921886817828	369.312622693736	497.856283514896	459.828214555711	438.458963234218	435.343319876907	590.510594973321
ENSG00000174748.22|7141|RPL15|protein_coding	163.893726765636	983.302113448097	0	0	0	0	467.002997294033	742.543634006555	564.658218742728	879.847779439086	497.695590157921	476.355741185816	677.478592595333	586.060280404083	640.462866628574	495.821429952671	1392.22260914526	931.932927543897	691.368370392505	1293.17511963376	1594.97593724914	1095.04827824707	800.416773956071	1366.69023226429	958.887375883794
ENSG00000177600.9|1637|RPLP2|protein_coding	936.535581517921	1550.59179428354	1195.50014246873	1223.78450648804	1274.49084274862	1265.18556836522	1124.25774761242	1250.08088155995	1262.37507205181	1322.72721283241	1257.2595917829	1306.21883668623	1257.65376031125	1311.69588716897	1195.51007755009	1276.63096798737	1201.14351455042	1306.9419234001	1211.590529193	1206.28900590997	1278.33745670126	1273.19799164022	1211.6803692285	1223.36209703773	1251.27026541436
ENSG00000177954.14|1028|RPS27|protein_coding	620.454822755623	2098.97181909113	1320.97290848316	1335.1257061863	1380.72456435742	1394.98095222182	1049.76853004181	1164.42972861613	1476.84408296135	1676.23242048728	1247.38117957313	1423.89140399209	1299.38789776562	1691.15398392941	1320.75581240463	1354.12882859882	1525.10275870312	1321.54747911461	1323.4286898036	1295.6776043608	1362.52257258895	1332.9354690952	1352.92088956402	1321.96130047388	1398.42497819717
ENSG00000182774.13|3188|RPS17|protein_coding	409.73431691409	605.108992891137	499.609650217964	513.737748633444	498.34500315533	512.576510947795	493.130082877553	506.299173781511	466.003939349595	532.928699638306	510.232721770436	458.461427656306	536.868596790919	553.094704739376	535.535197640943	492.391135019048	484.609896048845	485.73457830557	520.83889970989	503.792169493595	535.948215027231	478.727388196721	509.54853205511	505.438088706667	529.246747035104
ENSG00000182899.17|2899|RPL35A|protein_coding	362.907537838194	554.683243483542	454.446309402727	468.581242944571	458.311000285056	449.010495249254	440.321945881679	444.48836555033	488.377695931634	489.910511789241	424.001732091602	422.256875841595	460.978263150298	489.845064193273	488.124247898002	454.809304971737	449.38645238143	457.095293705511	447.519949870487	451.089451968048	475.2445150924	434.081076944821	485.624457861764	462.93954193744	440.989932893497
ENSG00000183508.5|5654|TENT5C|protein_coding	515.094569834857	447.528525992403	0	0	0	0	369.71070619111	777.663941020379	205.330261360992	300.8511761953	409.496371648922	536.845359114173	717.330274512706	667.457541571317	252.351952437194	538.703283353983	557.993982236792	1072.22390588384	509.694929997394	442.68442892027	169.986097620656	782.933068505149	123.468544918756	246.620793792052	237.972049489409
ENSG00000184007.22|6708|PTP4A2|protein_coding	245.840590148454	182.793341602531	241.420083794605	246.16656698621	187.575141109369	182.89050385637	240.373667024862	240.997224098753	187.981288668483	186.644552772242	184.656309337421	183.796703449886	183.962711588344	183.821203555533	243.195700705371	187.203592633316	244.982220128479	180.928355311223	244.15109047722	244.601464103711	182.818176758189	182.697239395308	243.438291469956	246.61024576555	187.467807429281
ENSG00000184009.13|4052|ACTG1|protein_coding	386.320927376142	976.998894772148	660.837151048959	674.984909300046	689.896311607613	699.781047782007	663.083805820112	716.75290985054	663.702937517174	706.567250002263	664.7738860352	709.573984043459	703.213403972591	639.059826252304	673.269606717911	749.956670458619	670.012260926801	620.90297209815	683.605370085944	652.761508168807	645.299614674755	674.317687529683	703.71196174433	697.999789176431	718.972964237707
ENSG00000184640.20|13772|SEPTIN9|protein_coding	234.13389537948	264.735184389872	218.69456343015	235.862279728117	292.11875627214	270.726196405311	236.907713841081	232.878048421561	262.077436784183	282.535568442428	269.613197694804	271.520313366117	271.096015530863	262.454113077849	220.950545621339	278.756422781373	220.764475134152	284.718603117401	226.468611210698	219.573580832266	267.832021597228	267.115798845208	233.96505084307	234.757507157625	266.196773762589
ENSG00000186468.13|4061|RPS23|protein_coding	737.521770445363	806.811990521516	580.502145791208	626.137609696026	1075.01134011364	840.798967434917	752.294924405945	579.078305281547	889.496662694265	896.93714569152	906.098595721751	853.265637900237	934.382652745995	910.119213231792	718.598009904803	888.542514361544	587.855805070074	875.219789001239	598.972414608972	616.816006515142	848.129491386451	884.928317145837	765.897605967656	632.530373724	946.66648559637
ENSG00000187109.15|17059|NAP1L1|protein_coding	269.253979686402	258.431965713923	135.858863881244	135.858863881244	389.429080403985	394.372833268302	157.710447265491	179.686399763439	383.431968714266	391.365915270177	371.66760840828	376.295647782418	368.352825968373	396.671003308166	123.16680368794	361.773878349448	87.9286879025021	332.740455300682	117.804443325748	153.656698643826	381.644405904985	390.876166852967	162.604745487693	131.516057959172	536.852528297773
ENSG00000187514.17|3381|PTMA|protein_coding	245.840590148454	712.263710382275	492.852949719009	492.852949719009	478.826968124523	450.912683560392	498.455610530619	509.191145653842	481.465712447122	480.997428855731	409.044329253624	417.319561903137	442.460198611909	499.22869871013	519.246922700821	370.971571038596	490.42541259653	529.866498861505	484.256553810902	529.016851653497	614.02338236127	346.306013742726	637.149247296938	386.890747578619	399.896448247148
ENSG00000188536.13|827|HBA2|protein_coding	31561.2490971539	13520.4040599113	18017.9030853481	18032.0549931486	27066.2342680306	26960.0139622107	15449.6375265563	18602.789274211	24353.9217160542	27852.140770644	25828.5275302433	24958.3750491983	24993.8070363276	37184.8156663878	17643.6501992463	28808.3977960799	17722.6583502272	26708.0388829112	17828.088781543	17629.3276863901	26201.2227831098	28061.4816708179	17446.1386858975	17502.8777538628	27257.4852779294
ENSG00000188846.14|8626|RPL14|protein_coding	234.13389537948	649.231523622782	374.097453275578	430.30814060097	479.692932018034	484.602082681092	391.535771710544	406.517222394008	526.260185068754	510.647424432275	483.065348567256	466.043164624032	485.917054488681	463.644760405085	407.654315745357	478.211903403473	350.271613221037	514.167141723627	350.868173714241	404.19012934877	505.77183411985	450.718610422441	448.927620851116	362.607370720645	535.515191739644
ENSG00000189343.7|883|RPS2P46|processed_pseudogene	175.60042153461	163.883685574683	123.169546345728	123.169546345728	207.356495780781	226.270676630344	132.534913038063	103.926533650808	203.495073346287	213.310949504421	206.504653306452	215.866860976416	219.664194298725	226.08422538872	131.312783295711	203.971445390316	135.512371833942	201.866324976979	138.72450792387	133.991049955417	212.124127069087	205.713327214597	129.014624971295	129.849089286929	203.795510598289
ENSG00000196205.8|1389|EEF1A1P5|processed_pseudogene	632.161517524597	1348.88879665316	1127.85096588074	1127.85096588074	854.701846667449	845.390894439462	1134.36447708758	1134.12757242585	799.904417819252	817.313612803288	854.774867982998	880.753994614512	857.403012826098	829.560531855358	1105.20134215065	824.237514851657	1195.39959196247	879.849195649904	1195.64179351569	1079.63163973438	847.958722371697	774.594502206293	1177.18251695373	1151.31022116648	818.921454423609
ENSG00000196498.13|13975|NCOR2|protein_coding	362.907537838194	182.793341602531	286.681680754515	300.799321849433	255.71045181543	246.421324865649	336.743946621022	277.861581098765	276.456265780744	247.081829787035	262.256237754629	246.663541665138	219.18060690091	230.305322466506	290.906755451387	265.257397508136	286.816788086483	248.617173095277	295.55900758579	297.486241790136	251.299121331671	249.891992504366	291.704418414914	288.852241361465	253.461655613326
ENSG00000196531.14|11267|NACA|protein_coding	421.441011683064	378.19312055696	0	0	0	0	291.876873308771	225.773402231723	171.10855113416	227.057491468151	346.49692985678	226.836067231341	386.063168574546	402.916442777807	10510.9379682859	8412.88361416991	16220.498335121	16965.1875949658	10221.6542644527	18466.6480258074	20767.2377135704	13886.481789365	13449.556324081	18178.0076757559	9475.13711753786
ENSG00000196914.9|24906|ARHGEF12|protein_coding	222.427200610506	144.974029546835	230.593081491774	191.400488215542	165.025293110386	151.839657611708	226.887267511063	201.512597334993	162.699306035713	163.53443484375	172.871203869757	163.5082454307	147.200033128846	148.369188416869	194.744901952365	158.506056662188	198.073544706126	186.399021809994	200.392605132628	196.3515795893	175.229331055452	157.5280261568	205.496314872583	208.792380595873	159.882677985355
ENSG00000196924.19|10860|FLNA|protein_coding	1475.04354089073	1140.88258034683	1287.44408460104	1269.04262175927	1328.06178649617	1333.56649891809	1271.03453545402	1302.23935042315	1315.46910509014	1306.83059016929	1326.11449945209	1356.38748958783	1326.08689769019	1289.64429305454	1294.30517468906	1343.84587298846	1289.25583179787	1290.90454513721	1298.68308831188	1291.85275443272	1312.93805728875	1308.83854737622	1306.90032361598	1315.16575501705	1311.43665229196
ENSG00000197111.16|7926|PCBP2|protein_coding	362.907537838194	302.554496445568	313.245023759603	369.019354364256	332.991707613197	325.660511388241	313.868342118958	342.714081483076	337.680372552988	330.888850243727	321.466293440405	342.917032807288	322.600236790742	355.26672979841	323.898446182191	332.014817367885	330.947524963862	359.527729046952	322.93858531851	312.145331317347	324.825029233842	344.765107990349	332.186711448264	341.922085335868	332.824779912446
ENSG00000197756.10|6205|RPL37A|protein_coding	187.307116303584	806.811990521516	383.834970450149	383.834970450149	622.916834882093	595.002211020971	349.317445983056	330.973223132491	558.713609162395	676.13270192968	576.638375997793	560.152900001599	689.809628677119	693.364209448985	392.539455146971	604.434872946508	378.766750449462	605.470827143944	391.85505736703	383.662758596319	600.969544751988	601.026834752429	383.416850278798	417.854335839141	589.941231092123
ENSG00000197958.13|2453|RPL12|protein_coding	269.253979686402	611.412211567086	453.107571345198	481.366141813684	399.737733238694	428.203139834781	440.527788726783	417.782780677358	426.628302027692	520.490803848648	361.709540141099	408.753197084456	376.321700870749	458.169092763692	494.279388134527	426.691426732102	446.031533764043	422.4295856582	473.264318412571	469.389510363855	388.539393065968	377.991347405246	516.42168118574	452.954264453565	402.83927277779
ENSG00000197989.14|4266|SNHG12|lncRNA	1451.63015135278	775.295897141769	1536.76499718349	1673.19599872398	618.472596856438	618.472596856438	1901.49663081815	1601.86959970152	545.158316355047	532.389970310644	667.211034134789	542.167444156472	648.100582369478	531.157865516741	1569.60775862995	661.252221610475	1596.46623349839	650.902693282501	1564.42518630222	1593.48963999474	658.285255561252	644.804623024782	1565.41982384532	1566.63644885916	652.261932318792
ENSG00000198034.11|2930|RPS4X|protein_coding	140.480337227688	655.534742298731	0	0	0	0	700.50449594105	566.942098937438	205.330261360992	204.351742321336	340.196985677566	468.794538944771	465.766532409291	223.842468209893	3791.66794358163	2937.40695798988	1082.83980711298	2455.09212094898	4327.36042052243	2479.03280195351	3045.28285524665	2026.10381917211	5679.55306626276	1813.69042101239	4351.73887558941
ENSG00000198242.14|2232|RPL23A|protein_coding	620.454822755623	642.928304946833	703.199411169234	703.199411169234	553.477770237835	558.399691076188	682.792887306953	689.360377626081	573.567849626562	598.576905288309	504.289934835095	522.071462562926	547.400603197462	609.257043863971	753.511655266439	589.175414573247	728.240830120775	529.075987550898	619.221632597112	714.049505441455	500.421706022401	514.281140693654	782.0256608415	755.426733703151	567.350554498422
ENSG00000198755.11|1508|RPL10A|protein_coding	210.720505841532	378.19312055696	258.790390349372	258.790390349372	337.82013166561	319.313111123816	343.191569500922	252.100718224249	345.641134440092	302.581295158781	307.576920663006	293.702152255703	312.811605873857	327.752233883302	261.679511402031	361.850314871412	259.778442448214	313.972559081773	252.465959618276	264.119515684203	321.998693331364	325.763212724885	270.234123444975	248.300379697717	326.206282334489
ENSG00000198876.13|4315|DCAF12|protein_coding	234.13389537948	220.612653658227	152.254325440804	152.254325440804	294.727970553342	308.966660039492	131.910795035652	160.86929910016	271.88682815078	339.518694546056	261.583585346487	252.73194909581	293.195130725987	410.854126161977	146.673427341656	304.080235882678	145.565756362856	283.663227352519	161.780516213676	169.573850286784	283.608590326808	362.653384367726	137.758994969433	144.765207852854	284.118942437177
ENSG00000198918.8|2128|RPL39|protein_coding	655.574907062545	813.115209197465	697.861095332503	711.892617454758	766.198880871961	752.635718351805	730.110027357352	706.285740010998	772.130085433817	768.115135405938	732.782090681991	677.937286889496	770.846734244099	814.447197684406	701.084631187135	769.38576710883	705.969433410985	744.891006158052	703.916328596217	704.858401957951	750.540639240244	755.994822850739	717.358200532537	754.160377423774	745.154718277486
ENSG00000199990.1|99|VTRNA1-1|misc_RNA	76807.6243792385	83139.4543357718	79001.8137834282	79581.8405540496	80375.6874942446	79597.8915800939	80872.5335070988	77603.906592714	84837.2282954032	81956.9284824932	78879.3454329738	78116.1294141584	78860.0546330232	78746.9415445802	79535.0661229096	80297.1230388222	79527.7799363545	80284.7401195195	79517.2288197054	79515.9229367928	80282.7811935475	80281.6285049181	79531.8161994766	79522.9361098542	80282.3926556322
ENSG00000200291.1|102|Y_RNA|misc_RNA	643.868212293571	2546.50034508353	1741.75885699177	1826.65194614872	1412.85653314265	1414.00820733082	1728.73358004117	1718.86872988705	1429.97776220149	1412.07657896089	1428.63173975918	1385.5302993262	1422.14125979601	1381.08546249115	2048.61236325362	1437.63502975854	1848.43186589196	1361.83279857206	1684.00253395341	1722.50731659264	1323.58680893537	1315.89696612355	1808.63831742903	1826.85978939166	1345.73650306361
ENSG00000200314.1|102|Y_RNA|misc_RNA	11390.6140102117	48162.8939029289	25714.4459162487	26649.6625879513	33416.8494080005	33356.4228998707	26111.3695732515	25126.6570849933	35099.4219085911	33928.0080207398	35333.0788382866	31552.4186438842	32151.9918530274	32874.7980333319	26344.8282791316	33081.83976288	26324.5639705521	33063.6501373126	26319.4050524238	26319.7742086341	33063.8585328931	33062.7937893869	26331.4791629022	26330.4357623929	33070.8047740765
ENSG00000201098.1|113|RNY1|misc_RNA	152292.392249583	106675.672871767	125814.926385682	128550.439483319	132547.499571308	129685.190652315	129014.393500187	118248.268055269	148030.821648053	133238.000444665	138801.532890226	124378.112041644	125580.573779942	125569.48278096	127407.262627116	131287.630459298	127496.481710317	131173.447384045	127414.508521233	127410.413234823	131175.933808694	131180.467451153	127408.788776987	127463.471855177	131189.348150525
ENSG00000201955.1|102|RNY3P1|misc_RNA	10594.5587659215	22805.0451695847	12638.4267161877	13839.7400795853	20480.309480852	19981.0955759994	13400.7913716211	13304.0726777341	22127.7541709281	20820.7331792057	20649.4239280734	18370.6399711007	18799.172341279	18534.2753144928	13773.960792437	19600.9361813067	13724.1390109615	19582.9121549464	13717.2195164743	13717.8343013494	19583.6444447014	19590.5758642152	13747.5121430097	13730.6198602542	19587.7693301028
ENSG00000202198.1|331|7SK|misc_RNA	3067.15402947119	2981.42243372404	0	0	0	0	3366.31327216116	3346.46353974576	6125.68613060293	5778.61315786445	5455.75165919949	5920.42135473799	3464.60559669157	4086.14251059513	595.742267462489	769.193245386035	1176.75958630135	851.766654206788	582.86895460098	627.807008286929	491.874665455516	1629.34719661882	370.405634756267	1346.13849944829	1118.11867370391
ENSG00000202354.1|102|RNY3|misc_RNA	193265.823940992	183442.573126154	179551.08973653	183766.111621779	193836.143741426	193961.437108567	188359.572078558	175967.243665865	205572.237051371	196288.155597438	198926.960055293	187503.988074443	184819.120800001	188686.295706843	183378.653696217	193057.381838016	183263.289116699	193026.220945574	183226.227876047	183233.246392635	193011.510737835	193018.102332149	183322.089475188	183329.129699453	193028.191401338
ENSG00000202538.1|141|RNU4-2|snRNA	1826.24438395995	2433.04240891645	0	0	0	0	2043.1381131614	3537.11663496366	3439.28187779661	2094.60535879369	2967.27370840988	3016.91969417683	2513.14669091431	1379.68357678461	212.422846038904	152.766602742174	198.888944163609	230.47803584419	133.731838068623	75.1222061198035	68.7177841445206	137.542295818472	131.983616982118	159.275929324034	138.233764041642
ENSG00000204628.12|5740|RACK1|protein_coding	409.73431691409	687.050835678478	515.917798826932	530.045975836283	580.366499926517	561.774381182813	574.470227114082	547.831580060899	583.871783707027	638.630654333601	511.591783001363	592.35941526832	508.614234704844	529.828346806428	527.840825415763	574.942124187728	486.069133292537	563.963156161249	505.979223802093	539.621594499042	571.61534682115	584.553995683344	561.433539554354	506.315290295773	586.561213803426
ENSG00000205542.11|1703|TMSB4X|protein_coding	842.882023366129	3227.24796208606	1411.0728483197	1438.56244961131	2412.58074150743	2901.97149845698	1709.86930054493	1663.44983759809	2365.30486494397	2524.62119524834	2464.23043816731	2461.71972497732	2515.52463510574	2661.12314479634	1592.88253104904	2532.69865961521	1611.78213867743	2458.75595852913	1497.35340535486	1477.2390749234	2536.35627619421	2608.65771345954	1490.39730457009	1500.22527355349	2540.00820669466
ENSG00000206172.8|835|HBA1|protein_coding	17290.7881737746	8011.39093713161	9429.83628455401	9514.73940749303	15823.7471902812	15801.3341456687	8216.17909499332	9917.98016945509	14199.0155499598	16531.9073397508	14984.9724119884	14291.1977425943	14984.6550594126	21491.8142932814	9104.57696527348	17485.0228702258	9297.85209261444	15748.2468637856	9329.76361958413	9031.04486691488	15172.0335954467	16350.5326762176	9067.07466216735	9003.50188628426	15998.0153482488
ENSG00000206585.1|164|RNVU1-7|snRNA	261550.974528417	87249.1529124908	199436.362324303	217586.59316112	142614.65434591	139229.307067483	243217.112307446	192318.557307157	142763.857770934	130095.891100312	150463.35905478	140279.5531078	136603.606389852	125091.237452549	206110.08791955	143092.234958527	206597.668723392	142844.515094648	205370.617306573	205276.808891518	142745.929780798	142913.535951773	205760.196842143	205602.470231345	142683.902246396
ENSG00000206596.1|164|RNU1-27P|snRNA	3722.72893653374	6933.54054354427	5092.77522020246	5177.67248905296	5501.99125449688	5479.00388982329	4741.30047032334	5452.39595813395	5797.13841299408	6433.51394386226	5506.40108418146	5209.51053152356	4696.13316466347	5621.31444114638	5132.31819135483	5504.80008684558	5134.86611740011	5501.08119382522	5138.81027381661	5132.74279246187	5506.49642110731	5506.34712232477	5131.64703885216	5139.69707736576	5503.51982746864
ENSG00000206652.1|164|RNU1-1|snRNA	85400.3383396654	20983.4149722354	64201.6367402375	83703.4168855767	35722.2137376413	32249.214391279	80093.2961756184	65704.5880288445	35813.3291745514	33190.0152843685	37209.7672411781	34517.7021078944	34455.4661636736	30276.7854213651	71041.6727917745	35907.2101528025	72253.8150628152	35781.6917425892	70212.5131093524	70084.4778782177	35585.0314486847	35433.3104359213	70647.1681122789	70633.9120249377	35340.8772850275
ENSG00000206737.1|164|RNVU1-18|snRNA	971.655665824843	327.767371149366	835.284792352461	1043.05567064464	405.180061106191	397.374708665917	918.589984071725	855.713952664683	412.193177555697	401.709289060586	429.520180871474	407.151208497244	421.027105700739	356.938908975784	885.420963134108	416.245580371047	883.601757956749	416.152077211985	886.978514500205	882.988571428462	416.013044674413	422.224275203754	881.091574354049	882.999388682485	415.03532894556
ENSG00000207142.1|102|Y_RNA|misc_RNA	22968.535136727	34982.8636515188	22929.2248457866	24752.163698213	33928.6591784988	34447.2947779048	24172.7157077442	23531.9817122389	35768.8926168937	34194.9297273311	34991.6877332556	32116.0544616383	32613.3711846857	32878.094689191	24525.1956450515	33351.2194284282	24502.8564864872	33335.2284167072	24503.279346298	24501.7495856184	33335.2100237814	33334.7154911519	24507.1568803098	24513.9433128319	33345.3510929952
ENSG00000207513.1|164|RNU1-3|snRNA	18613.6446826687	9618.71169949869	18406.8378345789	18818.5204876669	9942.23163349125	9864.89192130406	18851.9394810855	18386.6097295421	9841.56659767194	9832.98254002271	10024.1256854893	9796.90838046307	9840.22275078562	9577.5627267586	18374.8669032467	9951.14323215967	18606.1378702859	9900.60507190213	18235.6028291797	18222.4443870057	9877.79562821546	9900.87956508983	18248.9775412504	18262.5776700001	9851.44542265472
ENSG00000213741.11|9840|RPS29|protein_coding	573.628043679727	832.024865225313	572.038614315825	574.624074181251	834.74963442556	824.647771899537	580.633348803523	582.269091511138	831.180845000049	835.112189655938	829.473200406828	833.613927800345	831.777351001905	833.39481202127	580.388193831316	823.23577487128	579.655289929432	821.446417267985	579.444480258186	579.650983425933	822.263914146971	824.569505422648	583.476023873071	577.974816258306	821.972367206389
ENSG00000215030.5|636|RPL13P12|processed_pseudogene	234.13389537948	630.321867594934	-1.63963253377256	-1.63963253377256	1063.59566657676	713.707693114599	120.93335040019	162.556767723607	802.462423038459	832.223798868721	754.3610639784	767.075010493266	747.470204977709	761.644781961215	78.8154275579763	776.267793092869	75.6037965560968	778.583139509937	83.6833372172819	76.251511119244	782.808191653082	781.637810336416	76.2257963417588	86.9890253511486	776.542285214319
ENSG00000215301.11|15828|DDX3X|protein_coding	234.13389537948	151.277248222784	128.020751579818	169.055245150952	226.133685944601	259.025248750053	151.68101315664	175.308587886769	228.599848673056	228.482974885092	205.365247422181	230.394399765644	221.414815265292	229.074857221839	150.46547601915	210.374764960302	179.376277132039	210.39604593978	178.931656324957	168.499057647508	219.018274231616	248.098158182158	152.833591367964	151.306348238887	216.568924122374
ENSG00000215472.10|1529|RPL17-C18orf32|protein_coding	199.013811072558	428.618869964555	199.229441614049	199.229441614049	424.524169373729	426.188380477192	198.494082615691	202.206460189777	426.043010770536	428.503025950935	425.775815642426	426.007134967616	425.160080154645	428.119301902152	201.093127356019	427.141000350614	200.967630573101	429.6826384851	202.411662822496	201.855025839119	430.381110347259	427.18223686007	201.542141299443	200.773242517899	427.532329476463
ENSG00000221983.8|4306|UBA52|protein_coding	292.66736922435	497.954275399998	333.781307987371	361.194874492237	440.833024380233	440.833024380233	301.034520212542	327.149663355731	465.107604695039	443.72383967927	432.706848842923	463.728567788232	438.603221753905	522.347471503127	336.003813273975	466.321859307465	329.237031825564	465.90024642306	334.978618199277	331.94930820797	424.944992859361	442.226293342522	329.805151967274	368.667643821999	461.240470950084
ENSG00000228474.6|600|OST4|protein_coding	152.187031996662	630.321867594934	378.274999477897	378.274999477897	408.245046156141	398.933250671366	335.411261585027	390.851919997141	400.740430587547	384.285420757557	375.770107755854	394.2592074364	389.112367711704	498.350486922241	420.666253183728	404.209936306225	383.132531878015	382.730961148376	377.355055590155	369.01383283213	399.445652858934	394.448484529385	381.091595589875	374.764638987107	399.282210944677
ENSG00000229117.9|1108|RPL41|protein_coding	58.5334738448701	258.431965713923	124.712204471806	124.712204471806	201.611180938546	183.052096869186	125.852588810901	129.70944689316	216.461170686028	212.563035381788	159.776861776701	186.633423104295	174.296001790319	188.710246598518	147.983097805801	193.494921083005	127.304604131275	183.803464956163	112.138576786268	132.212633039668	180.225963288235	199.042236700442	136.273972024797	119.119933150942	180.586915830879
ENSG00000231500.7|1834|RPS18|protein_coding	269.253979686402	737.476585086073	472.318153101126	486.457835579783	512.548919192445	541.035272480796	464.59333190034	458.488419977242	458.566036290752	500.829152781249	520.527406935109	583.31486489472	580.781683905042	546.830972510448	480.303697643287	517.07689529412	489.232559500462	509.744923531616	493.564308263464	491.683155750223	519.884306119115	516.74218300983	482.966250025197	482.06929677137	526.65550508912
ENSG00000232112.3|1139|TMA7|protein_coding	316.080758762298	138.670810870886	217.543780027245	231.657694470105	239.704941990825	221.131592217076	198.248747453433	223.049020112402	233.937832025666	265.79239811227	208.471526604934	220.686315085035	218.764635744934	256.235463961889	226.867190179318	223.303458379145	226.058245269936	227.533231866012	224.643455569782	224.113856410645	230.150594445643	227.919696357453	226.930419128108	228.008224333701	230.500990545379
ENSG00000233016.7|4891|SNHG7|lncRNA	1767.71091011508	466.438182020251	1121.61025360682	1121.61025360682	1088.27637957226	1135.96723665588	1174.64107581578	1097.38835407449	1090.33170729837	1060.80064399394	1114.77555124552	1091.15652238201	1115.07933732715	1079.8704116054	1129.57565755393	1094.77398923829	1171.4499911482	1092.37246857633	1128.61961942557	1125.47386506957	1087.03469462592	1088.56378748069	1130.44117119961	1139.10768355398	1099.35782719668
ENSG00000233927.5|2119|RPS28|protein_coding	210.720505841532	882.450614632908	0	0	0	0	467.002997294033	587.01084580248	581.769073856144	976.34721331305	699.293803892775	703.191808417156	784.579987748272	1151.77124551636	453.594648684576	600.345947618369	425.401352794386	110.228625838525	537.450594502203	354.147543136216	368.905999091637	915.18527602291	553.47968411856	241.482860588051	482.943276904977
ENSG00000236552.2|612|RPL13AP5|processed_pseudogene	643.868212293571	712.263710382275	0	0	0	0	817.255245264558	903.093608926892	1231.98156816595	1663.19612500421	1165.48967315463	975.395089094765	1295.17966231461	1652.36440169484	1485.36275801639	688.789770258575	303.858109138847	621.288618362598	1183.40060479593	1231.46759317821	1066.93401698071	375.596269350443	2098.96526361885	1053.27630682022	1595.81256716427
ENSG00000241343.10|3965|RPL36A|protein_coding	93.6535581517921	315.160933797467	133.246074754784	161.162343302669	264.992916194481	260.684866537391	154.402679503558	140.168341565938	223.951427398676	266.798890488915	271.240909865295	234.859897749042	277.943159094315	310.402277189402	134.015242517764	267.751459825973	139.457734959307	247.437905046578	141.946150924714	169.41333157196	285.93625559322	243.675751021903	147.383136591384	130.571662297265	282.847770444141
ENSG00000244642.3|295|RN7SL396P|misc_RNA	1498.45693042867	1235.43086048607	1214.25330821309	1319.27249694109	1417.406135495	1533.80349377739	1291.57255645917	1429.8966680078	1362.66674500413	1400.69755983088	1465.62013990328	1411.87571043149	1417.62190242174	1420.51593381532	1305.14494030841	1437.32650941179	1306.41449723168	1427.46207818179	1299.04191289937	1296.02527467319	1431.38973319732	1430.47099538629	1294.01069557255	1298.54592605113	1425.78435145528
ENSG00000244734.4|1304|HBB|protein_coding	34792.2968533908	12688.379194686	22734.5262129883	22946.8189055863	24539.1208976271	24591.7784986915	20609.6568436448	22635.8721855039	22650.3880897615	24267.4474317698	24021.2626798811	23266.6860268215	24719.1151299412	31398.61599973	22806.6790834885	24805.2607531546	22712.0335756066	24530.6398708629	22812.2278945336	22675.1117986571	24248.2666122702	25297.7909556935	22592.9754926609	22676.8689522232	24583.1858918587
ENSG00000251562.8|8829|MALAT1|lncRNA	2247.68539564301	724.870147734174	1503.52831224788	1513.38077136676	1474.17500329707	1451.18269639489	1622.86853525856	1485.57189894846	1429.96046092994	1406.68049196664	1515.41648239765	1540.8425622422	1429.81840963403	1344.10116604037	1485.18295669753	1413.39780260406	1542.61686118055	1522.89391715019	1519.69888526418	1518.63831384002	1490.54094494136	1462.43084599925	1465.52678808083	1459.70175078967	1471.00934851492
ENSG00000252316.1|96|RNY4|misc_RNA	203204.807799851	152071.453775954	177009.038560796	177464.542255313	179156.148745175	174711.124785289	185882.899950264	173451.323647424	184404.356397062	174808.850195685	178724.300130102	172373.467757734	172508.089988174	171715.432179847	178470.696527827	176395.599150873	178588.210452495	176362.311777841	178503.206386107	178448.507858178	176342.471488678	176361.569887479	178459.245658203	178705.551143948	176421.613334656
ENSG00000254772.10|2639|EEF1G|protein_coding	269.253979686402	775.295897141769	0	0	0	0	447.544539073449	260.893709245547	325.106247154904	164.61668131441	182.698381197212	370.49890981119	308.850534859637	435.475347244701	873.648847994588	1265.01467533871	889.475555842807	270.561172512744	1137.98224469715	1236.83346504391	1696.24425072527	1216.72030916341	2158.57076806238	1520.82822838432	864.398473880647
ENSG00000255508.7|5197|RP11-864I4.1|protein_coding	292.66736922435	775.295897141769	0	0	0	0	447.544539073449	260.893709245547	325.106247154904	170.293118601113	188.998325376426	370.49890981119	308.850534859637	435.475347244701	873.648847994588	1265.01467533871	889.475555842807	270.561172512744	1137.98224469715	1236.83346504391	1696.24425072527	1243.17075066696	2158.57076806238	1520.82822838432	864.398473880647
ENSG00000257529.5|695|RPL36A-HNRNPH2|protein_coding	117.06694768974	315.160933797467	149.175557824823	176.962394199381	272.318841249056	268.030765616394	164.43807157002	156.738082248393	235.155233457959	275.596402787049	278.654118810362	240.291943103872	288.288541351253	315.886440233716	148.046303322381	273.821034051032	164.582269599966	251.974608780342	162.520233384112	183.781825517526	299.072849353481	248.308491954453	160.195165236053	143.562162872705	288.541068262592
ENSG00000258643.6|2370|BCL2L2-PABPN1|protein_coding	140.480337227688	226.915872334176	137.45420210551	140.925350220748	230.209446779671	233.753091848914	144.073903278564	139.361164464938	226.774509590833	228.612397678409	228.277403544667	227.907448986169	227.377594647124	230.99174316566	137.601547375962	226.928623016834	137.280654200125	225.850976076518	138.547954803228	137.81163970502	234.522603155849	231.523215951447	137.117609120529	140.348660247362	227.179949785917
ENSG00000259001.3|638|RPPH1|lncRNA	73459.5096753119	36930.5582223872	51590.0105715073	54063.3094289226	58941.2128939263	56128.9344724664	50270.2312238559	50025.6815656521	54977.4093360882	53635.5288848205	68074.0696949299	59053.5334452855	61348.3866707607	52377.0655955863	53084.4864554063	57209.5750551029	53548.4741750957	57030.8158080219	52988.0819425032	52983.2343583579	57045.3888569129	57042.4650591735	53049.7291562968	53038.4404603954	57005.5497780476
ENSG00000260342.2|764|RP11-1035H13.3|protein_coding	327.787453531272	220.612653658227	341.831480405375	341.831480405375	208.839778008697	199.886898075	354.187288467845	340.499470089666	212.352540638376	188.050149059047	192.601501656059	193.093378258019	210.727559520425	202.122181044783	339.047324498347	184.571032860153	345.837898620748	218.99817888253	383.464752728584	343.431753690904	192.304275844123	189.984223063446	366.587207263888	334.259786012558	198.060766304399
ENSG00000260836.2|2211|RP11-152F13.10|protein_coding	398.027622145116	592.502555539238	487.855724975263	501.98385628827	485.909953690183	500.141494620965	481.596651636454	494.783852769383	453.854361904205	519.74802630228	495.650973193763	447.797525744948	524.816472934511	540.259638188608	523.728848724758	479.906660001013	472.804890475462	473.250278878788	509.032938462808	491.986657916946	523.462591030433	466.243273610443	497.74286863315	493.632533712823	516.76129981426
ENSG00000263740.2|295|RN7SL4P|misc_RNA	83761.4010720091	69713.5985559997	76666.9873728142	78096.7143481979	75735.904671207	75393.5333190486	75897.7075068881	81983.2503333192	75310.8762156902	73094.0866273801	79930.2419056141	77411.2945255763	71575.8792426373	73866.1558558978	78271.2080055977	75374.5499055096	78605.72339005	74547.9582152569	78668.7590068686	77497.4428332637	77415.5241426677	75753.2518683598	77011.8697799609	77340.5334947864	74337.6238611298
ENSG00000263809.1|3087|RP11-849F2.7|protein_coding	46.826779075896	327.767371149366	358.750134480586	358.750134480586	16.7450761961694	21.6849177884895	309.434796660674	314.552550302667	8.76686612603053	-4.17427871200905	23.3321184316819	22.5638320503461	41.9951209846251	32.4459189586917	461.908660994999	-61.1065974105507	302.896329755233	31.4804326494799	397.974297367522	339.854898388531	-29.2314544258748	-45.2298821931753	518.719332314259	320.336594799729	18.5039213133909
ENSG00000263934.5|699|SNORD3A|snoRNA	2329.63225902583	1903.5720401367	2926.71766845951	2940.8313062708	1267.49502664404	1310.1458506795	3380.19098351276	3847.45977113658	978.69127364929	1237.69744497674	1369.45202466505	870.209664115671	1142.86784347576	666.042592350919	2933.68379145898	1285.83858709659	2992.86569087769	1286.26880545137	2940.49545735624	2943.10505255298	1287.15224593828	1290.17925269051	2934.08202040941	2950.69291728192	1286.33939014201
ENSG00000264940.5|581|SNORD3C|snoRNA	1615.52387811841	794.205553169617	1829.12026256038	2203.95219436353	390.844861847926	417.81453907981	2232.04742638968	1910.15497224564	613.336949194274	512.230944178391	496.9783126529	269.573388817307	388.493201575852	195.430749310259	1905.4807696742	461.281898040047	2129.48351570184	491.25305377842	1918.23219193543	1904.50965562653	476.420306256846	454.672960148027	1899.05347934776	1893.64251382867	467.892194158311
ENSG00000265681.8|2451|RPL17|protein_coding	234.13389537948	403.405995260758	219.184114775087	219.184114775087	408.975739713469	422.661644650697	208.476006075092	233.86068062659	408.210782457679	435.23787720839	410.206073388533	415.31804479211	406.097368421884	434.048396386468	214.235544401644	401.802012400545	212.804427924631	443.17407009604	233.099959905187	225.431723071206	453.409846522799	400.787566381882	219.264942300542	209.199824163264	407.603675785799
ENSG00000265735.2|321|RN7SL5P|misc_RNA	54916.1051612571	44752.8525992403	47935.2023317612	49470.3625991553	50794.1883213267	50600.1523243311	45885.1451615854	51372.0819863591	49247.322741678	49614.2516519004	54231.6670066986	51196.0960486608	49084.8382036995	51883.9515075596	48879.7367683537	50737.0331268266	49444.2191257168	50117.3253205843	49246.5270049042	48717.9491436447	51751.3833722801	51016.7572499625	48164.3963419149	48597.1876456945	50156.3982039823
ENSG00000266412.6|3988|NCOA4|protein_coding	163.893726765636	428.618869964555	236.416635168932	250.52336338106	352.636927775083	343.35498128505	253.677783389545	237.508147875769	376.366271344226	326.228926354281	326.689600994815	330.622895158758	334.626499528703	409.118549996523	241.029969793817	351.317569872398	239.426317668705	339.337619523458	231.457090356507	239.097313161362	362.397386119912	358.799936521291	229.601222653904	245.931955026313	361.852746772256
ENSG00000269900.3|268|RMRP|lncRNA	39837.8822988186	26744.5568420531	30833.124850934	31183.834525572	35421.3696943874	35452.3245207628	31123.4030754367	27819.4002076191	36509.7041478288	36535.5985210172	37879.1654024819	38012.1441481213	34753.2211124569	32082.4358929719	31206.4167271732	35125.2712497726	31609.0210365993	35106.8437516455	31324.7909439691	31211.4326998456	35074.3821161231	35091.6447531081	31261.7451852456	31530.2529875727	35139.0335832448
ENSG00000270103.3|131|RNU11|lncRNA	49343.7184512255	32953.2272378632	45406.1130618246	46043.3741001918	36557.5703270286	35997.7061843777	50390.883678133	44104.6514578468	36292.969440666	33440.9121030989	38491.6245283413	35973.8739729454	35322.340329154	34619.4945747924	45572.3385968093	35891.4126159423	48789.0404601196	35988.6578852189	45914.7947591326	45843.7441098115	35827.1673709751	35984.8675370791	45707.6800989836	45643.9871707368	36281.6944033172
ENSG00000270800.3|5231|RPS10-NUDT3|protein_coding	222.427200610506	668.14117965063	531.217648600467	545.368391008965	357.54664112542	348.235734169901	515.609968541561	472.869995023327	389.149218496175	375.551437865223	345.198144632376	290.28055051005	395.459900246235	389.97400229581	588.686515990707	340.79091595754	525.220076463183	360.359994999156	553.704643485578	538.467903682511	333.002756326732	310.298565492555	587.8388019947	519.35265066721	335.370653910046
ENSG00000274012.1|300|RN7SL2|misc_RNA	374637.645996706	309191.785711343	328687.104073116	334394.54726771	350868.733845476	349264.39212959	323558.230615221	333235.177524828	383143.921622425	361651.874215192	362295.393129242	349919.731923926	319350.963931331	337312.904986564	333939.254519346	349682.164198721	334094.080025099	348354.640899919	334326.71296619	332834.987579448	350998.150681343	350504.86816283	332680.4990771	333147.713641682	348497.785710378
ENSG00000274582.1|137|SNORA16A|snoRNA	1369.68328796996	750.083022437972	1463.62211047044	1600.47685245397	584.919824346294	584.919824346294	1823.32482642255	1531.15912557293	517.094930641171	499.3277590891	636.824136797897	506.7408685795	608.758928290434	498.810419863654	1496.50059217086	627.526120626706	1521.36929616984	617.150812501408	1491.30511049499	1520.44196127671	624.3273648611	611.037552467852	1492.03806733418	1493.52188111943	618.296305751106
ENSG00000274978.1|134|RNU11|snRNA	49343.7184512255	32953.2272378632	45406.1130618246	46043.3741001918	36557.5703270286	35997.7061843777	50390.883678133	44104.6514578468	36292.969440666	33440.9121030989	38491.6245283413	35973.8739729454	35322.340329154	34619.4945747924	45572.3385968093	35891.4126159423	48789.0404601196	35988.6578852189	45914.7947591326	45843.7441098115	35827.1673709751	35984.8675370791	45707.6800989836	45643.9871707368	36281.6944033172
ENSG00000274998.1|133|SNORA17A|snoRNA	1720.88413103918	422.315651288606	1096.7713685623	1096.7713685623	1023.84951990899	1066.60520932596	1133.43187243957	1057.7472771585	1039.61024460811	1010.080467153	1056.26350738621	1026.4115394988	1056.14441353785	1016.56902835915	1099.83239646082	1033.27649409014	1137.60579888816	1032.30960555533	1099.82140607943	1096.8340779213	1028.00342210626	1025.10766363136	1101.53405979221	1110.46819167793	1038.46568950877
ENSG00000276168.1|299|RN7SL1|misc_RNA	234824.59037085	201476.081758045	207511.718108431	212806.480187749	226871.224556207	222743.75432584	200236.625978056	210585.08054309	249427.972580241	240456.5322868	229449.55502468	224371.667931324	201263.006302288	220101.631566397	210698.489443427	224493.665042326	210854.377885506	224417.310685778	211542.832532051	210733.27172253	225618.513949491	225757.227852034	210682.557270763	210787.881369007	224464.775490763
ENSG00000276966.2|1487|H4C5|protein_coding	421.441011683064	308.857715121518	185.492408643264	198.881466687475	643.727705419482	449.913561849872	226.373413586846	283.512680805692	518.785354166439	452.4709058339	540.877816348976	505.513932171984	494.852737144941	455.085608677988	223.473138470359	487.763737552114	227.981963861196	501.069385266412	225.205247785199	230.939591760545	489.248360157641	497.145690396691	237.0213394877	254.786572414349	495.494626309566
ENSG00000277027.1|264|RMRP|ribozyme	39837.8822988186	26744.5568420531	30833.124850934	31183.834525572	35421.3696943874	35452.3245207628	31123.4030754367	27819.4002076191	36509.7041478288	36535.5985210172	37879.1654024819	38012.1441481213	34753.2211124569	32082.4358929719	31206.4167271732	35125.2712497726	31609.0210365993	35106.8437516455	31324.7909439691	31211.4326998456	35074.3821161231	35091.6447531081	31261.7451852456	31530.2529875727	35139.0335832448
ENSG00000277209.1|333|RPPH1|ribozyme	73459.5096753119	36930.5582223872	51590.1390705274	54063.4378737761	58941.0825929983	56128.8042331289	50270.4766997679	50025.9263382914	54977.4363748556	53635.5520646257	68072.8658273161	59053.5722061174	61348.4320311015	52377.0851563192	53084.6164271483	57209.4473038623	53548.6041478649	57030.6880563855	52988.2119140318	52983.3643298757	57045.2611053088	57042.3373075629	53049.8591279618	53038.5704320355	57005.4220263553
ENSG00000278705.2|1332|H4C2|protein_coding	234.13389537948	220.612653658227	0	0	0	0	291.876873308771	571.959285653698	821.321045443968	675.49603711775	718.193636430418	597.334977042531	722.311734752377	854.671242255954	55.9007489576062	335.014479697751	513.796439089323	571.184697526905	320.451762919154	472.196724181622	217.003528877434	439.077328958969	246.937089837511	277.448393016059	187.228009524755
ENSG00000278771.1|299|RN7SL3|misc_RNA	11015.9997776045	13009.8433471594	11536.3506007652	12329.8655637185	12255.6995450562	11885.4181496046	12086.2315547262	12296.397700127	12124.2714821248	12171.2207569735	12070.863159272	11717.9852502861	11895.6957332414	11709.5546941318	12238.3521947609	12223.3108375167	12549.6612453847	11660.9330039927	12108.4191713458	11751.0287545211	12451.1931025005	12224.5883398899	11522.9562944036	11777.5990858991	11590.9558357081
ENSG00000280498.1|135|SNORA16A|snoRNA	1369.68328796996	750.083022437972	1463.62211047044	1600.47685245397	584.919824346294	584.919824346294	1823.32482642255	1531.15912557293	517.094930641171	499.3277590891	636.824136797897	506.7408685795	608.758928290434	498.810419863654	1496.50059217086	627.526120626706	1521.36929616984	617.150812501408	1491.30511049499	1520.44196127671	624.3273648611	611.037552467852	1492.03806733418	1493.52188111943	618.296305751106
ENSG00000281808.1|132|ENSG10010135443.1|snoRNA	1720.88413103918	422.315651288606	1096.7713685623	1096.7713685623	1023.84951990899	1066.60520932596	1133.43187243957	1057.7472771585	1039.61024460811	1010.080467153	1056.26350738621	1026.4115394988	1056.14441353785	1016.56902835915	1099.83239646082	1033.27649409014	1137.60579888816	1032.30960555533	1099.82140607943	1096.8340779213	1028.00342210626	1025.10766363136	1101.53405979221	1110.46819167793	1038.46568950877
ENSG00000282885.2|2034|RP11-596C23.6|lncRNA	374637.645996706	309191.785711343	328687.104073116	334394.54726771	350868.733845476	349264.39212959	323558.230615221	333235.177524828	383143.921622425	361651.874215192	362295.393129242	349919.731923926	319350.963931331	337312.904986564	333939.254519346	349682.164198721	334094.080025099	348354.640899919	334326.71296619	332834.987579448	350998.150681343	350504.86816283	332680.4990771	333147.713641682	348497.785710378
ENSG00000283293.1|328|RN7SK|snRNA	3067.15402947119	2981.42243372404	0	0	0	0	3366.31327216116	3346.46353974576	6125.68613060293	5778.61315786445	5455.75165919949	5920.42135473799	3464.60559669157	4086.14251059513	595.742267462489	769.193245386035	1176.75958630135	851.766654206788	582.86895460098	627.807008286929	491.874665455516	1629.34719661882	370.405634756267	1346.13849944829	1118.11867370391
ENSG00000284803.1|312|CH17-66N5.1|lncRNA	70.2401686138441	226.915872334176	162.071496656078	176.20908840326	128.358448748108	128.358448748108	166.624397331065	156.518926177709	126.290027285927	128.492967303639	130.533413826257	127.685016811814	141.694450456199	138.326664653844	188.849094655412	116.631331949583	142.284299496734	110.685835569809	180.316308238382	161.880892339016	162.888673071033	106.77133360308	168.117735543704	162.356499485515	153.628282775284
ENSG00000288663.1|5699|RP11-680A11.7|lncRNA	234.13389537948	201.702997630379	194.636801880241	194.636801880241	244.494390465505	235.208435914401	209.487935167002	188.801929295744	215.37471264766	222.92940490453	242.908052065387	252.376790884585	233.968612340587	262.987473087655	189.629688334397	232.968473722818	187.463822526683	242.223913044121	204.721266189922	198.688337950558	242.766881042934	244.507342593168	188.076687798453	207.001497647596	236.434998905279
